Workbook

Sheet CATALOGO
A1: NOME_PAIS | B1: ABREV_PAIS | C1: ID_PAIS | D1: IDENTIFICADOR | E1: PRIMEIRO_ANO_MANDATO | F1: NOME_LIDER | G1: TITULO_LIDER | H1: FLAG_POPULISMO_FST2022 | I1: FLAG_POPULISMO_KM2020 | J1: FLAG_POPULISMO_MS2021 | K1: FLAG_POPULISMO_GPD2022 | L1: FLAG_POPULISMO_ED2019 | M1: QTD_OBS_VALIDA | N1: PONTUACAO_VALIDA | O1: FLAG_POPULISMO_FINAL | P1: ACESSO_EM | Q1: LINGUA_ORIGINAL | R1: FONTE | S1: NOME_ARQUIVO_ORIGINAL | T1: PRIMEIRO_NOME | U1: ULTIMO_NOME | V1: REFERENCIA
A2: Argentina | B2: ARG | C2: 37 | D2: 1 | E2: 2003 | F2: Néstor Carlos Kirchner Ostoic | G2: President | H2: 1 | I2: 1 | J2: 1 | K2: 0 | L2: 1 | M2: =COUNTIF(H2:L2,"<>9") -> 5 | N2: =SUMIF(H2:L2,"<>9") -> 4 | O2: =IFERROR(ROUND(N2/M2,0),9) -> 1 | P2: 45633 | Q2: ESPANHOL | R2: https://www.cfkargentina.com/discurso-de-asuncion-del-presidente-nestor-kirchner-a-la-asamblea-legislativa-el-25-de-mayo-del-2003/ | S2: ARG_NESTOR_KIRCHNER_1.txt | T2: =_xlfn.TEXTBEFORE(F2," ") -> Néstor | U2: =_xlfn.TEXTAFTER(F2," ",LEN(F2)-LEN(SUBSTITUTE(F2," ",""))) -> Ostoic | V2: =IF(Q2="","",_xlfn.CONCAT(UPPER(U2),", ",T2,". Disponível em <",R2,">. Acesso em ",TEXT(P2,"dd ""de"" mmmm ""de"" aaaa"),".")) -> OSTOIC, Néstor. Disponível em <https://www.cfkargentina.com/discurso-de-asuncion-del-presidente-nestor-kirchner-a-la-asamblea-legislativa-el-25-de-mayo-del-2003/>. Acesso em 07 de dezembro de 2024.
A3: Argentina | B3: ARG | C3: 37 | D3: 1 | E3: 2007 | F3: Cristina Fernández de Kirchner | G3: President | H3: 1 | I3: 1 | J3: 1 | K3: 0 | L3: 1 | M3: =COUNTIF(H3:L3,"<>9") -> 5 | N3: =SUMIF(H3:L3,"<>9") -> 4 | O3: =IFERROR(ROUND(N3/M3,0),9) -> 1 | P3: 45633 | Q3: ESPANHOL | R3: https://www.casarosada.gob.ar/informacion/archivo/16462-blank-35472369 | S3: ARG_CRISTINA_KIRCHNER_1.txt | T3: =_xlfn.TEXTBEFORE(F3," ") -> Cristina | U3: =_xlfn.TEXTAFTER(F3," ",LEN(F3)-LEN(SUBSTITUTE(F3," ",""))) -> Kirchner | V3: =IF(Q3="","",_xlfn.CONCAT(UPPER(U3),", ",T3,". Disponível em <",R3,">. Acesso em ",TEXT(P3,"dd ""de"" mmmm ""de"" aaaa"),".")) -> KIRCHNER, Cristina. Disponível em <https://www.casarosada.gob.ar/informacion/archivo/16462-blank-35472369>. Acesso em 07 de dezembro de 2024.
A4: Argentina | B4: ARG | C4: 37 | D4: 2 | E4: 2011 | F4: Cristina Fernández de Kirchner | G4: President | H4: 1 | I4: 1 | J4: 1 | K4: 0 | L4: 1 | M4: =COUNTIF(H4:L4,"<>9") -> 5 | N4: =SUMIF(H4:L4,"<>9") -> 4 | O4: =IFERROR(ROUND(N4/M4,0),9) -> 1 | P4: 45633 | Q4: ESPANHOL | R4: https://www.casarosada.gob.ar/informacion/archivo/25601-acto-de-asuncion-de-mando-en-el-congreso-de-la-nacion-discurso-de-la-presidenta-de-la-nacion | S4: ARG_CRISTINA_KIRCHNER_2.txt | T4: =_xlfn.TEXTBEFORE(F4," ") -> Cristina | U4: =_xlfn.TEXTAFTER(F4," ",LEN(F4)-LEN(SUBSTITUTE(F4," ",""))) -> Kirchner | V4: =IF(Q4="","",_xlfn.CONCAT(UPPER(U4),", ",T4,". Disponível em <",R4,">. Acesso em ",TEXT(P4,"dd ""de"" mmmm ""de"" aaaa"),".")) -> KIRCHNER, Cristina. Disponível em <https://www.casarosada.gob.ar/informacion/archivo/25601-acto-de-asuncion-de-mando-en-el-congreso-de-la-nacion-discurso-de-la-presidenta-de-la-nacion>. Acesso em 07 de dezembro de 2024.
A5: Argentina | B5: ARG | C5: 37 | D5: 1 | E5: 2015 | F5: Mauricio Macri | G5: President | H5: 0 | I5: 0 | J5: 0 | K5: 0 | L5: 0 | M5: =COUNTIF(H5:L5,"<>9") -> 5 | N5: =SUMIF(H5:L5,"<>9") -> 0 | O5: =IFERROR(ROUND(N5/M5,0),9) -> 0 | P5: 45633 | Q5: ESPANHOL | R5: https://www.casarosada.gob.ar/informacion/discursos/35023-palabras-del-presidente-de-la-nacion-mauricio-macri-ante-la-asamblea-legislativa-en-el-congreso-de-la-nacion | S5: ARG_MAURICIO_MACRI_1.txt | T5: =_xlfn.TEXTBEFORE(F5," ") -> Mauricio | U5: =_xlfn.TEXTAFTER(F5," ",LEN(F5)-LEN(SUBSTITUTE(F5," ",""))) -> Macri | V5: =IF(Q5="","",_xlfn.CONCAT(UPPER(U5),", ",T5,". Disponível em <",R5,">. Acesso em ",TEXT(P5,"dd ""de"" mmmm ""de"" aaaa"),".")) -> MACRI, Mauricio. Disponível em <https://www.casarosada.gob.ar/informacion/discursos/35023-palabras-del-presidente-de-la-nacion-mauricio-macri-ante-la-asamblea-legislativa-en-el-congreso-de-la-nacion>. Acesso em 07 de dezembro de 2024.
A6: Argentina | B6: ARG | C6: 37 | D6: 1 | E6: 2019 | F6: Alberto Fernández | G6: President | H6: 0 | I6: 0 | J6: 0 | K6: 0 | L6: 9 | M6: =COUNTIF(H6:L6,"<>9") -> 4 | N6: =SUMIF(H6:L6,"<>9") -> 0 | O6: =IFERROR(ROUND(N6/M6,0),9) -> 0 | P6: 45633 | Q6: ESPANHOL | R6: https://www.casarosada.gob.ar/informacion/discursos/46596-palabras-del-presidente-alberto-fernandez-en-su-acto-de-asuncion-ante-la-asamblea-legislativa | S6: ARG_ALBERTO_FERNANDEZ_1.txt | T6: =_xlfn.TEXTBEFORE(F6," ") -> Alberto | U6: =_xlfn.TEXTAFTER(F6," ",LEN(F6)-LEN(SUBSTITUTE(F6," ",""))) -> Fernández | V6: =IF(Q6="","",_xlfn.CONCAT(UPPER(U6),", ",T6,". Disponível em <",R6,">. Acesso em ",TEXT(P6,"dd ""de"" mmmm ""de"" aaaa"),".")) -> FERNÁNDEZ, Alberto. Disponível em <https://www.casarosada.gob.ar/informacion/discursos/46596-palabras-del-presidente-alberto-fernandez-en-su-acto-de-asuncion-ante-la-asamblea-legislativa>. Acesso em 07 de dezembro de 2024.
A7: Argentina | B7: ARG | C7: 37 | D7: 1 | E7: 2023 | F7: Javier Gerardo Milei | G7: President | H7: 9 | I7: 9 | J7: 9 | K7: 9 | L7: 9 | M7: =COUNTIF(H7:L7,"<>9") -> 0 | N7: =SUMIF(H7:L7,"<>9") -> 0 | O7: =IFERROR(ROUND(N7/M7,0),9) -> 9 | P7: 45633 | Q7: ESPANHOL | R7: https://www3.hcdn.gob.ar/dependencias/prensa/archivos/discursoasuncionmilei.pdf | S7: ARG_JAVIER_MILEI_1.txt | T7: =_xlfn.TEXTBEFORE(F7," ") -> Javier | U7: =_xlfn.TEXTAFTER(F7," ",LEN(F7)-LEN(SUBSTITUTE(F7," ",""))) -> Milei | V7: =IF(Q7="","",_xlfn.CONCAT(UPPER(U7),", ",T7,". Disponível em <",R7,">. Acesso em ",TEXT(P7,"dd ""de"" mmmm ""de"" aaaa"),".")) -> MILEI, Javier. Disponível em <https://www3.hcdn.gob.ar/dependencias/prensa/archivos/discursoasuncionmilei.pdf>. Acesso em 07 de dezembro de 2024.
A8: Bolivia | B8: BOL | C8: 25 | D8: 1 | E8: 2002 | F8: Gonzalo Sánchez de Lozada Sánchez Bustamante | G8: President | H8: 0 | I8: 0 | J8: 0 | K8: 0 | L8: 0 | M8: =COUNTIF(H8:L8,"<>9") -> 5 | N8: =SUMIF(H8:L8,"<>9") -> 0 | O8: =IFERROR(ROUND(N8/M8,0),9) -> 0 | T8: =_xlfn.TEXTBEFORE(F8," ") -> Gonzalo | U8: =_xlfn.TEXTAFTER(F8," ",LEN(F8)-LEN(SUBSTITUTE(F8," ",""))) -> Bustamante | V8: =IF(Q8="","",_xlfn.CONCAT(UPPER(U8),", ",T8,". Disponível em <",R8,">. Acesso em ",TEXT(P8,"dd ""de"" mmmm ""de"" aaaa"),"."))
A9: Bolivia | B9: BOL | C9: 25 | D9: 1 | E9: 2005 | F9: Enrique Eduardo Rodríguez Veltzé | G9: President | H9: 0 | I9: 0 | J9: 0 | K9: 0 | L9: 0 | M9: =COUNTIF(H9:L9,"<>9") -> 5 | N9: =SUMIF(H9:L9,"<>9") -> 0 | O9: =IFERROR(ROUND(N9/M9,0),9) -> 0 | P9: 45633 | Q9: ESPANHOL | R9: https://reliefweb.int/report/bolivia/discurso-de-eduardo-rodriguez-veltze-tras-su-posesion-como-presidente-constitucional | S9: BOL_ENRIQUE_VELTZE_1.txt | T9: =_xlfn.TEXTBEFORE(F9," ") -> Enrique | U9: =_xlfn.TEXTAFTER(F9," ",LEN(F9)-LEN(SUBSTITUTE(F9," ",""))) -> Veltzé | V9: =IF(Q9="","",_xlfn.CONCAT(UPPER(U9),", ",T9,". Disponível em <",R9,">. Acesso em ",TEXT(P9,"dd ""de"" mmmm ""de"" aaaa"),".")) -> VELTZÉ, Enrique. Disponível em <https://reliefweb.int/report/bolivia/discurso-de-eduardo-rodriguez-veltze-tras-su-posesion-como-presidente-constitucional>. Acesso em 07 de dezembro de 2024.
A10: Bolivia | B10: BOL | C10: 25 | D10: 1 | E10: 2006 | F10: Juan Evo Morales Ayma | G10: President of the Plurinational State | H10: 1 | I10: 1 | J10: 1 | K10: 1 | L10: 1 | M10: =COUNTIF(H10:L10,"<>9") -> 5 | N10: =SUMIF(H10:L10,"<>9") -> 5 | O10: =IFERROR(ROUND(N10/M10,0),9) -> 1 | P10: 45634 | Q10: ESPANHOL | R10: https://www.pagina12.com.ar/diario/especiales/18-62330-2006-01-30.html | S10: BOL_EVO_MORALES_1.txt | T10: =_xlfn.TEXTBEFORE(F10," ") -> Juan | U10: =_xlfn.TEXTAFTER(F10," ",LEN(F10)-LEN(SUBSTITUTE(F10," ",""))) -> Ayma | V10: =IF(Q10="","",_xlfn.CONCAT(UPPER(U10),", ",T10,". Disponível em <",R10,">. Acesso em ",TEXT(P10,"dd ""de"" mmmm ""de"" aaaa"),".")) -> AYMA, Juan. Disponível em <https://www.pagina12.com.ar/diario/especiales/18-62330-2006-01-30.html>. Acesso em 08 de dezembro de 2024.
A11: Bolivia | B11: BOL | C11: 25 | D11: 2 | E11: 2010 | F11: Juan Evo Morales Ayma | G11: President of the Plurinational State | H11: 1 | I11: 1 | J11: 1 | K11: 1 | L11: 1 | M11: =COUNTIF(H11:L11,"<>9") -> 5 | N11: =SUMIF(H11:L11,"<>9") -> 5 | O11: =IFERROR(ROUND(N11/M11,0),9) -> 1 | P11: 45724 | Q11: ESPANHOL | R11: https://www.somossur.net/documentos/II_22012015_EVOMORALES_POSESION_ASAMBLEALEGISLATIVA.pdf | S11: BOL_EVO_MORALES_2.txt | T11: =_xlfn.TEXTBEFORE(F11," ") -> Juan | U11: =_xlfn.TEXTAFTER(F11," ",LEN(F11)-LEN(SUBSTITUTE(F11," ",""))) -> Ayma | V11: =IF(Q11="","",_xlfn.CONCAT(UPPER(U11),", ",T11,". Disponível em <",R11,">. Acesso em ",TEXT(P11,"dd ""de"" mmmm ""de"" aaaa"),".")) -> AYMA, Juan. Disponível em <https://www.somossur.net/documentos/II_22012015_EVOMORALES_POSESION_ASAMBLEALEGISLATIVA.pdf>. Acesso em 08 de março de 2025.
A12: Bolivia | B12: BOL | C12: 25 | D12: 3 | E12: 2015 | F12: Juan Evo Morales Ayma | G12: President of the Plurinational State | H12: 1 | I12: 1 | J12: 1 | K12: 1 | L12: 1 | M12: =COUNTIF(H12:L12,"<>9") -> 5 | N12: =SUMIF(H12:L12,"<>9") -> 5 | O12: =IFERROR(ROUND(N12/M12,0),9) -> 1 | P12: 45724 | Q12: ESPANHOL | R12: https://www.youtube.com/watch?v=b6BpJz2XDIY | S12: BOL_EVO_MORALES_3.txt | T12: =_xlfn.TEXTBEFORE(F12," ") -> Juan | U12: =_xlfn.TEXTAFTER(F12," ",LEN(F12)-LEN(SUBSTITUTE(F12," ",""))) -> Ayma | V12: =IF(Q12="","",_xlfn.CONCAT(UPPER(U12),", ",T12,". Disponível em <",R12,">. Acesso em ",TEXT(P12,"dd ""de"" mmmm ""de"" aaaa"),".")) -> AYMA, Juan. Disponível em <https://www.youtube.com/watch?v=b6BpJz2XDIY>. Acesso em 08 de março de 2025.
A13: Bolivia | B13: BOL | C13: 25 | D13: 1 | E13: 2019 | F13: Jeanine Áñez Chávez | G13: President of the Plurinational State | H13: 0 | I13: 0 | J13: 0 | K13: 0 | L13: 9 | M13: =COUNTIF(H13:L13,"<>9") -> 4 | N13: =SUMIF(H13:L13,"<>9") -> 0 | O13: =IFERROR(ROUND(N13/M13,0),9) -> 0 | P13: 45634 | Q13: ESPANHOL | R13: https://embolnic.com/2019/11/15/discurso-de-la-ministra-de-relaciones-exteriores-en-la-posesion-de-los-ministros-de-s-e-la-presidenta-constitucional-del-estado-plurinacional-de-bolivia-jeanine-anez-chavez/ | S13: BOL_JEANINE_CHAVEZ_1.txt | T13: =_xlfn.TEXTBEFORE(F13," ") -> Jeanine | U13: =_xlfn.TEXTAFTER(F13," ",LEN(F13)-LEN(SUBSTITUTE(F13," ",""))) -> Chávez | V13: =IF(Q13="","",_xlfn.CONCAT(UPPER(U13),", ",T13,". Disponível em <",R13,">. Acesso em ",TEXT(P13,"dd ""de"" mmmm ""de"" aaaa"),".")) -> CHÁVEZ, Jeanine. Disponível em <https://embolnic.com/2019/11/15/discurso-de-la-ministra-de-relaciones-exteriores-en-la-posesion-de-los-ministros-de-s-e-la-presidenta-constitucional-del-estado-plurinacional-de-bolivia-jeanine-anez-chavez/>. Acesso em 08 de dezembro de 2024.
A14: Bolivia | B14: BOL | C14: 25 | D14: 1 | E14: 2020 | F14: Luis Alberto Arce Catacora | G14: President of the Plurinational State | H14: 0 | I14: 9 | J14: 9 | K14: 0 | L14: 9 | M14: =COUNTIF(H14:L14,"<>9") -> 2 | N14: =SUMIF(H14:L14,"<>9") -> 0 | O14: =IFERROR(ROUND(N14/M14,0),9) -> 0 | P14: 45634 | Q14: ESPANHOL | R14: https://www.laondadigital.com.uy/archivos/48126 | S14: BOL_LUIS_ARCE_1.txt | T14: =_xlfn.TEXTBEFORE(F14," ") -> Luis | U14: =_xlfn.TEXTAFTER(F14," ",LEN(F14)-LEN(SUBSTITUTE(F14," ",""))) -> Catacora | V14: =IF(Q14="","",_xlfn.CONCAT(UPPER(U14),", ",T14,". Disponível em <",R14,">. Acesso em ",TEXT(P14,"dd ""de"" mmmm ""de"" aaaa"),".")) -> CATACORA, Luis. Disponível em <https://www.laondadigital.com.uy/archivos/48126>. Acesso em 08 de dezembro de 2024.
A15: Brazil | B15: BRA | C15: 19 | D15: 1 | E15: 2003 | F15: Luiz Inácio Lula da Silva | G15: President | H15: 0 | I15: 0 | J15: 9 | K15: 0 | L15: 0 | M15: =COUNTIF(H15:L15,"<>9") -> 4 | N15: =SUMIF(H15:L15,"<>9") -> 0 | O15: =IFERROR(ROUND(N15/M15,0),9) -> 0 | P15: 45633 | Q15: PORTUGUES | R15: https://www.biblioteca.presidencia.gov.br/presidencia/ex-presidentes/luiz-inacio-lula-da-silva/discursos/1o-mandato/2003/01-01-pronunciamento-a-nacao-do-presidente-da-republica-luiz-inacio-lula-da-silva-apos-a-cerimonia-de-posse.pdf/view | S15: BRA_LUIZ_INACIO_1.txt | T15: =_xlfn.TEXTBEFORE(F15," ") -> Luiz | U15: =_xlfn.TEXTAFTER(F15," ",LEN(F15)-LEN(SUBSTITUTE(F15," ",""))) -> Silva | V15: =IF(Q15="","",_xlfn.CONCAT(UPPER(U15),", ",T15,". Disponível em <",R15,">. Acesso em ",TEXT(P15,"dd ""de"" mmmm ""de"" aaaa"),".")) -> SILVA, Luiz. Disponível em <https://www.biblioteca.presidencia.gov.br/presidencia/ex-presidentes/luiz-inacio-lula-da-silva/discursos/1o-mandato/2003/01-01-pronunciamento-a-nacao-do-presidente-da-republica-luiz-inacio-lula-da-silva-apos-a-cerimonia-de-posse.pdf/view>. Acesso em 07 de dezembro de 2024.
A16: Brazil | B16: BRA | C16: 19 | D16: 2 | E16: 2007 | F16: Luiz Inácio Lula da Silva | G16: President | H16: 0 | I16: 0 | J16: 9 | K16: 0 | L16: 0 | M16: =COUNTIF(H16:L16,"<>9") -> 4 | N16: =SUMIF(H16:L16,"<>9") -> 0 | O16: =IFERROR(ROUND(N16/M16,0),9) -> 0 | P16: 45634 | Q16: PORTUGUES | R16: https://www.biblioteca.presidencia.gov.br/presidencia/ex-presidentes/luiz-inacio-lula-da-silva/discursos/2o-mandato/2007/01-01-2007-pronunciamento-a-nacao-do-presidente-da-republica-luiz-inacio-lula-da-silva-na-cerimonia-de-posse/view | S16: BRA_LUIZ_INACIO_2.txt | T16: =_xlfn.TEXTBEFORE(F16," ") -> Luiz | U16: =_xlfn.TEXTAFTER(F16," ",LEN(F16)-LEN(SUBSTITUTE(F16," ",""))) -> Silva | V16: =IF(Q16="","",_xlfn.CONCAT(UPPER(U16),", ",T16,". Disponível em <",R16,">. Acesso em ",TEXT(P16,"dd ""de"" mmmm ""de"" aaaa"),".")) -> SILVA, Luiz. Disponível em <https://www.biblioteca.presidencia.gov.br/presidencia/ex-presidentes/luiz-inacio-lula-da-silva/discursos/2o-mandato/2007/01-01-2007-pronunciamento-a-nacao-do-presidente-da-republica-luiz-inacio-lula-da-silva-na-cerimonia-de-posse/view>. Acesso em 08 de dezembro de 2024.
A17: Brazil | B17: BRA | C17: 19 | D17: 1 | E17: 2011 | F17: Dilma Vana Rousseff | G17: President | H17: 0 | I17: 0 | J17: 9 | K17: 0 | L17: 0 | M17: =COUNTIF(H17:L17,"<>9") -> 4 | N17: =SUMIF(H17:L17,"<>9") -> 0 | O17: =IFERROR(ROUND(N17/M17,0),9) -> 0 | P17: 45634 | Q17: PORTUGUES | R17: https://www.biblioteca.presidencia.gov.br/presidencia/ex-presidentes/dilma-rousseff/discursos/discursos-da-presidenta/discurso-da-presidenta-da-republica-dilma-rousseff-durante-compromisso-constitucional-perante-o-congresso-nacional | S17: BRA_DILMA_ROUSSEFF_1.txt | T17: =_xlfn.TEXTBEFORE(F17," ") -> Dilma | U17: =_xlfn.TEXTAFTER(F17," ",LEN(F17)-LEN(SUBSTITUTE(F17," ",""))) -> Rousseff | V17: =IF(Q17="","",_xlfn.CONCAT(UPPER(U17),", ",T17,". Disponível em <",R17,">. Acesso em ",TEXT(P17,"dd ""de"" mmmm ""de"" aaaa"),".")) -> ROUSSEFF, Dilma. Disponível em <https://www.biblioteca.presidencia.gov.br/presidencia/ex-presidentes/dilma-rousseff/discursos/discursos-da-presidenta/discurso-da-presidenta-da-republica-dilma-rousseff-durante-compromisso-constitucional-perante-o-congresso-nacional>. Acesso em 08 de dezembro de 2024.
A18: Brazil | B18: BRA | C18: 19 | D18: 3 | E18: 2015 | F18: Dilma Vana Rousseff | G18: President | H18: 0 | I18: 0 | J18: 9 | K18: 0 | L18: 0 | M18: =COUNTIF(H18:L18,"<>9") -> 4 | N18: =SUMIF(H18:L18,"<>9") -> 0 | O18: =IFERROR(ROUND(N18/M18,0),9) -> 0 | P18: 45634 | Q18: PORTUGUES | R18: https://www.biblioteca.presidencia.gov.br/presidencia/ex-presidentes/dilma-rousseff/discursos/discursos-da-presidenta/discurso-da-presidenta-da-republica-dilma-rousseff-durante-compromisso-constitucional-perante-o-congresso-nacional-1 | S18: BRA_DILMA_ROUSSEFF_2.txt | T18: =_xlfn.TEXTBEFORE(F18," ") -> Dilma | U18: =_xlfn.TEXTAFTER(F18," ",LEN(F18)-LEN(SUBSTITUTE(F18," ",""))) -> Rousseff | V18: =IF(Q18="","",_xlfn.CONCAT(UPPER(U18),", ",T18,". Disponível em <",R18,">. Acesso em ",TEXT(P18,"dd ""de"" mmmm ""de"" aaaa"),".")) -> ROUSSEFF, Dilma. Disponível em <https://www.biblioteca.presidencia.gov.br/presidencia/ex-presidentes/dilma-rousseff/discursos/discursos-da-presidenta/discurso-da-presidenta-da-republica-dilma-rousseff-durante-compromisso-constitucional-perante-o-congresso-nacional-1>. Acesso em 08 de dezembro de 2024.
A19: Brazil | B19: BRA | C19: 19 | D19: 1 | E19: 2016 | F19: Michel Miguel Elias Temer Lulia | G19: President | H19: 0 | I19: 0 | J19: 9 | K19: 0 | L19: 0 | M19: =COUNTIF(H19:L19,"<>9") -> 4 | N19: =SUMIF(H19:L19,"<>9") -> 0 | O19: =IFERROR(ROUND(N19/M19,0),9) -> 0 | P19: 45634 | Q19: PORTUGUES | R19: https://www.biblioteca.presidencia.gov.br/presidencia/ex-presidentes/michel-temer/discursos-do-presidente-da-republica/discurso-do-presidente-da-republica-michel-temer-durante-cerimonia-de-posse-dos-novos-ministros-de-estado-palacio-do-planalto | S19: BRA_MICHEL_TEMER_1.txt | T19: =_xlfn.TEXTBEFORE(F19," ") -> Michel | U19: =_xlfn.TEXTAFTER(F19," ",LEN(F19)-LEN(SUBSTITUTE(F19," ",""))) -> Lulia | V19: =IF(Q19="","",_xlfn.CONCAT(UPPER(U19),", ",T19,". Disponível em <",R19,">. Acesso em ",TEXT(P19,"dd ""de"" mmmm ""de"" aaaa"),".")) -> LULIA, Michel. Disponível em <https://www.biblioteca.presidencia.gov.br/presidencia/ex-presidentes/michel-temer/discursos-do-presidente-da-republica/discurso-do-presidente-da-republica-michel-temer-durante-cerimonia-de-posse-dos-novos-ministros-de-estado-palacio-do-planalto>. Acesso em 08 de dezembro de 2024.
A20: Brazil | B20: BRA | C20: 19 | D20: 1 | E20: 2019 | F20: Jair Messias Bolsonaro | G20: President | H20: 1 | I20: 1 | J20: 9 | K20: 0 | L20: 1 | M20: =COUNTIF(H20:L20,"<>9") -> 4 | N20: =SUMIF(H20:L20,"<>9") -> 3 | O20: =IFERROR(ROUND(N20/M20,0),9) -> 1 | P20: 45634 | Q20: PORTUGUES | R20: https://www.biblioteca.presidencia.gov.br/presidencia/ex-presidentes/bolsonaro/discursos/discurso-do-presidente-da-republica-jair-bolsonaro-durante-cerimonia-de-posse-no-congresso-nacional | S20: BRA_JAIR_BOLSONARO_1.txt | T20: =_xlfn.TEXTBEFORE(F20," ") -> Jair | U20: =_xlfn.TEXTAFTER(F20," ",LEN(F20)-LEN(SUBSTITUTE(F20," ",""))) -> Bolsonaro | V20: =IF(Q20="","",_xlfn.CONCAT(UPPER(U20),", ",T20,". Disponível em <",R20,">. Acesso em ",TEXT(P20,"dd ""de"" mmmm ""de"" aaaa"),".")) -> BOLSONARO, Jair. Disponível em <https://www.biblioteca.presidencia.gov.br/presidencia/ex-presidentes/bolsonaro/discursos/discurso-do-presidente-da-republica-jair-bolsonaro-durante-cerimonia-de-posse-no-congresso-nacional>. Acesso em 08 de dezembro de 2024.
... A44: Dominican Republic | B44: DOM | C44: 114 | D44: 1 | E44: 2020 | F44: Luis Rodolfo Abinader | G44: President | H44: 9 | I44: 9 | J44: 9 | K44: 0 | L44: 9 | M44: =COUNTIF(H44:L44,"<>9") -> 1 | N44: =SUMIF(H44:L44,"<>9") -> 0 | O44: =IFERROR(ROUND(N44/M44,0),9) -> 0 | P44: 45641 | Q44: ESPANHOL | R44: https://presidencia.gob.do/discursos/discurso-del-presidente-luis-abinader-en-el-acto-de-toma-de-posesion-ante-la-asamblea | S44: DOM_LUIS_ABINADER_1.txt | T44: =_xlfn.TEXTBEFORE(F44," ") -> Luis | U44: =_xlfn.TEXTAFTER(F44," ",LEN(F44)-LEN(SUBSTITUTE(F44," ",""))) -> Abinader | V44: =IF(Q44="","",_xlfn.CONCAT(UPPER(U44),", ",T44,". Disponível em <",R44,">. Acesso em ",TEXT(P44,"dd ""de"" mmmm ""de"" aaaa"),".")) -> ABINADER, Luis. Disponível em <https://presidencia.gob.do/discursos/discurso-del-presidente-luis-abinader-en-el-acto-de-toma-de-posesion-ante-la-asamblea>. Acesso em 15 de dezembro de 2024.
A45: Ecuador | B45: ECU | C45: 75 | D45: 1 | E45: 2000 | F45: Gustavo José Joaquín Noboa Bejarano | G45: President | H45: 0 | I45: 0 | J45: 0 | K45: 0 | L45: 0 | M45: =COUNTIF(H45:L45,"<>9") -> 5 | N45: =SUMIF(H45:L45,"<>9") -> 0 | O45: =IFERROR(ROUND(N45/M45,0),9) -> 0 | T45: =_xlfn.TEXTBEFORE(F45," ") -> Gustavo | U45: =_xlfn.TEXTAFTER(F45," ",LEN(F45)-LEN(SUBSTITUTE(F45," ",""))) -> Bejarano | V45: =IF(Q45="","",_xlfn.CONCAT(UPPER(U45),", ",T45,". Disponível em <",R45,">. Acesso em ",TEXT(P45,"dd ""de"" mmmm ""de"" aaaa"),"."))
A46: Ecuador | B46: ECU | C46: 75 | D46: 1 | E46: 2003 | F46: Lucio Edwin Gutiérrez Borbúa | G46: President | H46: 1 | I46: 1 | J46: 0 | K46: 1 | L46: 0 | M46: =COUNTIF(H46:L46,"<>9") -> 5 | N46: =SUMIF(H46:L46,"<>9") -> 3 | O46: =IFERROR(ROUND(N46/M46,0),9) -> 1 | P46: 45724 | Q46: ESPANHOL | R46: http://www.llacta.org/organiz/coms/com232.htm | S46: ECU_LUCIO_GUTIERREZ_1.txt | T46: =_xlfn.TEXTBEFORE(F46," ") -> Lucio | U46: =_xlfn.TEXTAFTER(F46," ",LEN(F46)-LEN(SUBSTITUTE(F46," ",""))) -> Borbúa | V46: =IF(Q46="","",_xlfn.CONCAT(UPPER(U46),", ",T46,". Disponível em <",R46,">. Acesso em ",TEXT(P46,"dd ""de"" mmmm ""de"" aaaa"),".")) -> BORBÚA, Lucio. Disponível em <http://www.llacta.org/organiz/coms/com232.htm>. Acesso em 08 de março de 2025.
A47: Ecuador | B47: ECU | C47: 75 | D47: 1 | E47: 2005 | F47: Luis Alfredo Palacio González | G47: President | H47: 0 | I47: 0 | J47: 0 | K47: 0 | L47: 0 | M47: =COUNTIF(H47:L47,"<>9") -> 5 | N47: =SUMIF(H47:L47,"<>9") -> 0 | O47: =IFERROR(ROUND(N47/M47,0),9) -> 0 | T47: =_xlfn.TEXTBEFORE(F47," ") -> Luis | U47: =_xlfn.TEXTAFTER(F47," ",LEN(F47)-LEN(SUBSTITUTE(F47," ",""))) -> González | V47: =IF(Q47="","",_xlfn.CONCAT(UPPER(U47),", ",T47,". Disponível em <",R47,">. Acesso em ",TEXT(P47,"dd ""de"" mmmm ""de"" aaaa"),"."))
A48: Ecuador | B48: ECU | C48: 75 | D48: 1 | E48: 2007 | F48: Rafael Vicente Correa Delgado | G48: President | H48: 1 | I48: 1 | J48: 1 | K48: 1 | L48: 1 | M48: =COUNTIF(H48:L48,"<>9") -> 5 | N48: =SUMIF(H48:L48,"<>9") -> 5 | O48: =IFERROR(ROUND(N48/M48,0),9) -> 1 | P48: 45641 | Q48: ESPANHOL | R48: https://www.presidencia.gob.ec/wp-content/uploads/downloads/2015/07/Posesion-Presidente-2007.pdf | S48: ECU_RAFAEL_CORREA_1.txt | T48: =_xlfn.TEXTBEFORE(F48," ") -> Rafael | U48: =_xlfn.TEXTAFTER(F48," ",LEN(F48)-LEN(SUBSTITUTE(F48," ",""))) -> Delgado | V48: =IF(Q48="","",_xlfn.CONCAT(UPPER(U48),", ",T48,". Disponível em <",R48,">. Acesso em ",TEXT(P48,"dd ""de"" mmmm ""de"" aaaa"),".")) -> DELGADO, Rafael. Disponível em <https://www.presidencia.gob.ec/wp-content/uploads/downloads/2015/07/Posesion-Presidente-2007.pdf>. Acesso em 15 de dezembro de 2024.
A49: Ecuador | B49: ECU | C49: 75 | D49: 2 | E49: 2009 | F49: Rafael Vicente Correa Delgado | G49: President | H49: 1 | I49: 1 | J49: 1 | K49: 1 | L49: 1 | M49: =COUNTIF(H49:L49,"<>9") -> 5 | N49: =SUMIF(H49:L49,"<>9") -> 5 | O49: =IFERROR(ROUND(N49/M49,0),9) -> 1 | P49: 45641 | Q49: ESPANHOL | R49: https://www.presidencia.gob.ec/wp-content/uploads/downloads/2013/10/10-10-09-Discurso_posesion_Presidencial.pdf | S49: ECU_RAFAEL_CORREA_2.txt | T49: =_xlfn.TEXTBEFORE(F49," ") -> Rafael | U49: =_xlfn.TEXTAFTER(F49," ",LEN(F49)-LEN(SUBSTITUTE(F49," ",""))) -> Delgado | V49: =IF(Q49="","",_xlfn.CONCAT(UPPER(U49),", ",T49,". Disponível em <",R49,">. Acesso em ",TEXT(P49,"dd ""de"" mmmm ""de"" aaaa"),".")) -> DELGADO, Rafael. Disponível em <https://www.presidencia.gob.ec/wp-content/uploads/downloads/2013/10/10-10-09-Discurso_posesion_Presidencial.pdf>. Acesso em 15 de dezembro de 2024.
A50: Ecuador | B50: ECU | C50: 75 | D50: 3 | E50: 2013 | F50: Rafael Vicente Correa Delgado | G50: President | H50: 1 | I50: 1 | J50: 1 | K50: 1 | L50: 1 | M50: =COUNTIF(H50:L50,"<>9") -> 5 | N50: =SUMIF(H50:L50,"<>9") -> 5 | O50: =IFERROR(ROUND(N50/M50,0),9) -> 1 | P50: 45641 | Q50: ESPANHOL | R50: https://www.youtube.com/watch?v=N0X9rDrO0ik | S50: ECU_RAFAEL_CORREA_3.txt | T50: =_xlfn.TEXTBEFORE(F50," ") -> Rafael | U50: =_xlfn.TEXTAFTER(F50," ",LEN(F50)-LEN(SUBSTITUTE(F50," ",""))) -> Delgado | V50: =IF(Q50="","",_xlfn.CONCAT(UPPER(U50),", ",T50,". Disponível em <",R50,">. Acesso em ",TEXT(P50,"dd ""de"" mmmm ""de"" aaaa"),".")) -> DELGADO, Rafael. Disponível em <https://www.youtube.com/watch?v=N0X9rDrO0ik>. Acesso em 15 de dezembro de 2024.
A51: Ecuador | B51: ECU | C51: 75 | D51: 1 | E51: 2017 | F51: Lenín Boltaire Moreno Garcés | G51: President | H51: 0 | I51: 0 | J51: 0 | K51: 0 | L51: 0 | M51: =COUNTIF(H51:L51,"<>9") -> 5 | N51: =SUMIF(H51:L51,"<>9") -> 0 | O51: =IFERROR(ROUND(N51/M51,0),9) -> 0 | P51: 45641 | Q51: ESPANHOL | R51: https://www.presidencia.gob.ec/wp-content/uploads/downloads/2017/06/2017.05.24-DISCURSO-POSESI%C3%93N-ANTE-LA-ASAMBLEA-NACIONAL.pdf | S51: ECU_LENIN_MORENO_1.txt | T51: =_xlfn.TEXTBEFORE(F51," ") -> Lenín | U51: =_xlfn.TEXTAFTER(F51," ",LEN(F51)-LEN(SUBSTITUTE(F51," ",""))) -> Garcés | V51: =IF(Q51="","",_xlfn.CONCAT(UPPER(U51),", ",T51,". Disponível em <",R51,">. Acesso em ",TEXT(P51,"dd ""de"" mmmm ""de"" aaaa"),".")) -> GARCÉS, Lenín. Disponível em <https://www.presidencia.gob.ec/wp-content/uploads/downloads/2017/06/2017.05.24-DISCURSO-POSESI%C3%93N-ANTE-LA-ASAMBLEA-NACIONAL.pdf>. Acesso em 15 de dezembro de 2024.
A52: Ecuador | B52: ECU | C52: 75 | D52: 1 | E52: 2021 | F52: Guillermo Alberto Santiago Lasso Mendoza | G52: President | H52: 9 | I52: 9 | J52: 9 | K52: 9 | L52: 9 | M52: =COUNTIF(H52:L52,"<>9") -> 0 | N52: =SUMIF(H52:L52,"<>9") -> 0 | O52: =IFERROR(ROUND(N52/M52,0),9) -> 9 | P52: 45641 | Q52: ESPANHOL | R52: https://www.presidencia.gob.ec/wp-content/uploads/downloads/2021/05/2021.05.24-POSESION-PRESIDENTE-LASSO.pdf | S52: ECU_GUILHERME_LASSO_1.txt | T52: =_xlfn.TEXTBEFORE(F52," ") -> Guillermo | U52: =_xlfn.TEXTAFTER(F52," ",LEN(F52)-LEN(SUBSTITUTE(F52," ",""))) -> Mendoza | V52: =IF(Q52="","",_xlfn.CONCAT(UPPER(U52),", ",T52,". Disponível em <",R52,">. Acesso em ",TEXT(P52,"dd ""de"" mmmm ""de"" aaaa"),".")) -> MENDOZA, Guillermo. Disponível em <https://www.presidencia.gob.ec/wp-content/uploads/downloads/2021/05/2021.05.24-POSESION-PRESIDENTE-LASSO.pdf>. Acesso em 15 de dezembro de 2024.
A53: Ecuador | B53: ECU | C53: 75 | D53: 1 | E53: 2023 | F53: Daniel Noboa | G53: President | H53: 9 | I53: 9 | J53: 9 | K53: 9 | L53: 9 | M53: =COUNTIF(H53:L53,"<>9") -> 0 | N53: =SUMIF(H53:L53,"<>9") -> 0 | O53: =IFERROR(ROUND(N53/M53,0),9) -> 9 | P53: 45641 | Q53: ESPANHOL | R53: https://www.presidencia.gob.ec/wp-content/uploads/downloads/2023/11/2023.11.23-POSESION-PRESIDENTE-DANIEL-NOBOA.pdf | S53: ECU_DANIEL_NOBOA_1.txt | T53: =_xlfn.TEXTBEFORE(F53," ") -> Daniel | U53: =_xlfn.TEXTAFTER(F53," ",LEN(F53)-LEN(SUBSTITUTE(F53," ",""))) -> Noboa | V53: =IF(Q53="","",_xlfn.CONCAT(UPPER(U53),", ",T53,". Disponível em <",R53,">. Acesso em ",TEXT(P53,"dd ""de"" mmmm ""de"" aaaa"),".")) -> NOBOA, Daniel. Disponível em <https://www.presidencia.gob.ec/wp-content/uploads/downloads/2023/11/2023.11.23-POSESION-PRESIDENTE-DANIEL-NOBOA.pdf>. Acesso em 15 de dezembro de 2024.
A54: El Salvador | B54: SLV | C54: 22 | D54: 1 | E54: 2004 | F54: Elías Antonio Saca González | G54: President | H54: 9 | I54: 9 | J54: 9 | K54: 0 | L54: 9 | M54: =COUNTIF(H54:L54,"<>9") -> 1 | N54: =SUMIF(H54:L54,"<>9") -> 0 | O54: =IFERROR(ROUND(N54/M54,0),9) -> 0 | P54: 45641 | Q54: ESPANHOL | R54: http://luiseduardoaguilarvasquez.blogspot.com/2016/05/discurso-toma-de-posesion-presidente-de.html | S54: SLV_ANTONIO_SACA_1.txt | T54: =_xlfn.TEXTBEFORE(F54," ") -> Elías | U54: =_xlfn.TEXTAFTER(F54," ",LEN(F54)-LEN(SUBSTITUTE(F54," ",""))) -> González | V54: =IF(Q54="","",_xlfn.CONCAT(UPPER(U54),", ",T54,". Disponível em <",R54,">. Acesso em ",TEXT(P54,"dd ""de"" mmmm ""de"" aaaa"),".")) -> GONZÁLEZ, Elías. Disponível em <http://luiseduardoaguilarvasquez.blogspot.com/2016/05/discurso-toma-de-posesion-presidente-de.html>. Acesso em 15 de dezembro de 2024.
A55: El Salvador | B55: SLV | C55: 22 | D55: 1 | E55: 2009 | F55: Carlos Mauricio Funes Cartagena | G55: President | H55: 9 | I55: 9 | J55: 9 | K55: 0 | L55: 9 | M55: =COUNTIF(H55:L55,"<>9") -> 1 | N55: =SUMIF(H55:L55,"<>9") -> 0 | O55: =IFERROR(ROUND(N55/M55,0),9) -> 0 | P55: 45641 | Q55: ESPANHOL | R55: http://especiales.laprensagrafica.com/2011/funes2doaniversario/wp-content/uploads/2011/05/1-Toma-de-posesi%C3%B3n-presidente-Funes.pdf | S55: SLV_MAURICIO_FUNES_1.txt | T55: =_xlfn.TEXTBEFORE(F55," ") -> Carlos | U55: =_xlfn.TEXTAFTER(F55," ",LEN(F55)-LEN(SUBSTITUTE(F55," ",""))) -> Cartagena | V55: =IF(Q55="","",_xlfn.CONCAT(UPPER(U55),", ",T55,". Disponível em <",R55,">. Acesso em ",TEXT(P55,"dd ""de"" mmmm ""de"" aaaa"),".")) -> CARTAGENA, Carlos. Disponível em <http://especiales.laprensagrafica.com/2011/funes2doaniversario/wp-content/uploads/2011/05/1-Toma-de-posesi%C3%B3n-presidente-Funes.pdf>. Acesso em 15 de dezembro de 2024.
A56: El Salvador | B56: SLV | C56: 22 | D56: 1 | E56: 2014 | F56: Salvador Sánchez Cerén | G56: President | H56: 9 | I56: 9 | J56: 9 | K56: 0 | L56: 9 | M56: =COUNTIF(H56:L56,"<>9") -> 1 | N56: =SUMIF(H56:L56,"<>9") -> 0 | O56: =IFERROR(ROUND(N56/M56,0),9) -> 0 | P56: 45724 | Q56: ESPANHOL | R56: https://www.youtube.com/watch?v=8tjYfNYpZlQ | S56: SLV_SALVADOR_CEREN_1.txt | T56: =_xlfn.TEXTBEFORE(F56," ") -> Salvador | U56: =_xlfn.TEXTAFTER(F56," ",LEN(F56)-LEN(SUBSTITUTE(F56," ",""))) -> Cerén | V56: =IF(Q56="","",_xlfn.CONCAT(UPPER(U56),", ",T56,". Disponível em <",R56,">. Acesso em ",TEXT(P56,"dd ""de"" mmmm ""de"" aaaa"),".")) -> CERÉN, Salvador. Disponível em <https://www.youtube.com/watch?v=8tjYfNYpZlQ>. Acesso em 08 de março de 2025.
A57: El Salvador | B57: SLV | C57: 22 | D57: 1 | E57: 2019 | F57: Nayib Armando Bukele Ortez | G57: President | H57: 9 | I57: 9 | J57: 9 | K57: 0 | L57: 9 | M57: =COUNTIF(H57:L57,"<>9") -> 1 | N57: =SUMIF(H57:L57,"<>9") -> 0 | O57: =IFERROR(ROUND(N57/M57,0),9) -> 0 | P57: 45641 | Q57: ESPANHOL | R57: https://www.presidencia.gob.sv/wp-content/uploads/2020/09/Toma-de-posesi%C3%B3n-01-06-2019-1.pdf | S57: SLV_NAYIB_BUKELE_1.txt | T57: =_xlfn.TEXTBEFORE(F57," ") -> Nayib | U57: =_xlfn.TEXTAFTER(F57," ",LEN(F57)-LEN(SUBSTITUTE(F57," ",""))) -> Ortez | V57: =IF(Q57="","",_xlfn.CONCAT(UPPER(U57),", ",T57,". Disponível em <",R57,">. Acesso em ",TEXT(P57,"dd ""de"" mmmm ""de"" aaaa"),".")) -> ORTEZ, Nayib. Disponível em <https://www.presidencia.gob.sv/wp-content/uploads/2020/09/Toma-de-posesi%C3%B3n-01-06-2019-1.pdf>. Acesso em 15 de dezembro de 2024.
A58: Guatemala | B58: GTM | C58: 78 | D58: 1 | E58: 2000 | F58: Alfonso Antonio Portillo Cabrera | G58: President | H58: 9 | I58: 9 | J58: 9 | K58: 0 | L58: 9 | M58: =COUNTIF(H58:L58,"<>9") -> 1 | N58: =SUMIF(H58:L58,"<>9") -> 0 | O58: =IFERROR(ROUND(N58/M58,0),9) -> 0 | P58: 45642 | Q58: ESPANHOL | R58: https://www.plazapublica.com.gt/sites/default/files/2000_alfonso_portillo.pdf | S58: GTM_ALFONSO_PORTILLO_1.txt | T58: =_xlfn.TEXTBEFORE(F58," ") -> Alfonso | U58: =_xlfn.TEXTAFTER(F58," ",LEN(F58)-LEN(SUBSTITUTE(F58," ",""))) -> Cabrera | V58: =IF(Q58="","",_xlfn.CONCAT(UPPER(U58),", ",T58,". Disponível em <",R58,">. Acesso em ",TEXT(P58,"dd ""de"" mmmm ""de"" aaaa"),".")) -> CABRERA, Alfonso. Disponível em <https://www.plazapublica.com.gt/sites/default/files/2000_alfonso_portillo.pdf>. Acesso em 16 de dezembro de 2024.
A59: Guatemala | B59: GTM | C59: 78 | D59: 1 | E59: 2004 | F59: Óscar José Rafael Berger Perdomo | G59: President | H59: 9 | I59: 9 | J59: 9 | K59: 0 | L59: 9 | M59: =COUNTIF(H59:L59,"<>9") -> 1 | N59: =SUMIF(H59:L59,"<>9") -> 0 | O59: =IFERROR(ROUND(N59/M59,0),9) -> 0 | P59: 45642 | Q59: ESPANHOL | R59: https://www.plazapublica.com.gt/sites/default/files/2004_oscar_berger.pdf | S59: GTM_OSCAR_BERGER_1.txt | T59: =_xlfn.TEXTBEFORE(F59," ") -> Óscar | U59: =_xlfn.TEXTAFTER(F59," ",LEN(F59)-LEN(SUBSTITUTE(F59," ",""))) -> Perdomo | V59: =IF(Q59="","",_xlfn.CONCAT(UPPER(U59),", ",T59,". Disponível em <",R59,">. Acesso em ",TEXT(P59,"dd ""de"" mmmm ""de"" aaaa"),".")) -> PERDOMO, Óscar. Disponível em <https://www.plazapublica.com.gt/sites/default/files/2004_oscar_berger.pdf>. Acesso em 16 de dezembro de 2024.
... A64: Guatemala | B64: GTM | C64: 78 | D64: 1 | E64: 2020 | F64: Alejandro Eduardo Giammattei Falla | G64: President | H64: 9 | I64: 9 | J64: 9 | K64: 0 | L64: 9 | M64: =COUNTIF(H64:L64,"<>9") -> 1 | N64: =SUMIF(H64:L64,"<>9") -> 0 | O64: =IFERROR(ROUND(N64/M64,0),9) -> 0 | P64: 45642 | Q64: ESPANHOL | R64: https://www.plazapublica.com.gt/sites/default/files/2020_alejandro_giammattei.pdf | S64: GTM_ALEJANDRO_GIAMMATTEI_1.txt | T64: =_xlfn.TEXTBEFORE(F64," ") -> Alejandro | U64: =_xlfn.TEXTAFTER(F64," ",LEN(F64)-LEN(SUBSTITUTE(F64," ",""))) -> Falla | V64: =IF(Q64="","",_xlfn.CONCAT(UPPER(U64),", ",T64,". Disponível em <",R64,">. Acesso em ",TEXT(P64,"dd ""de"" mmmm ""de"" aaaa"),".")) -> FALLA, Alejandro. Disponível em <https://www.plazapublica.com.gt/sites/default/files/2020_alejandro_giammattei.pdf>. Acesso em 16 de dezembro de 2024.
A65: Haiti | B65: HTI | C65: 26 | D65: 3 | E65: 2006 | F65: René Garcia Préval | G65: President | H65: 9 | I65: 9 | J65: 9 | K65: 9 | L65: 9 | M65: =COUNTIF(H65:L65,"<>9") -> 0 | N65: =SUMIF(H65:L65,"<>9") -> 0 | O65: =IFERROR(ROUND(N65/M65,0),9) -> 9 | T65: =_xlfn.TEXTBEFORE(F65," ") -> René | U65: =_xlfn.TEXTAFTER(F65," ",LEN(F65)-LEN(SUBSTITUTE(F65," ",""))) -> Préval | V65: =IF(Q65="","",_xlfn.CONCAT(UPPER(U65),", ",T65,". Disponível em <",R65,">. Acesso em ",TEXT(P65,"dd ""de"" mmmm ""de"" aaaa"),"."))
A66: Haiti | B66: HTI | C66: 26 | D66: 1 | E66: 2011 | F66: Michel Martelly | G66: President | H66: 9 | I66: 9 | J66: 9 | K66: 9 | L66: 9 | M66: =COUNTIF(H66:L66,"<>9") -> 0 | N66: =SUMIF(H66:L66,"<>9") -> 0 | O66: =IFERROR(ROUND(N66/M66,0),9) -> 9 | T66: =_xlfn.TEXTBEFORE(F66," ") -> Michel | U66: =_xlfn.TEXTAFTER(F66," ",LEN(F66)-LEN(SUBSTITUTE(F66," ",""))) -> Martelly | V66: =IF(Q66="","",_xlfn.CONCAT(UPPER(U66),", ",T66,". Disponível em <",R66,">. Acesso em ",TEXT(P66,"dd ""de"" mmmm ""de"" aaaa"),"."))
A67: Haiti | B67: HTI | C67: 26 | D67: 1 | E67: 2016 | F67: Jocelerme Privert | G67: President | H67: 9 | I67: 9 | J67: 9 | K67: 9 | L67: 9 | M67: =COUNTIF(H67:L67,"<>9") -> 0 | N67: =SUMIF(H67:L67,"<>9") -> 0 | O67: =IFERROR(ROUND(N67/M67,0),9) -> 9 | T67: =_xlfn.TEXTBEFORE(F67," ") -> Jocelerme | U67: =_xlfn.TEXTAFTER(F67," ",LEN(F67)-LEN(SUBSTITUTE(F67," ",""))) -> Privert | V67: =IF(Q67="","",_xlfn.CONCAT(UPPER(U67),", ",T67,". Disponível em <",R67,">. Acesso em ",TEXT(P67,"dd ""de"" mmmm ""de"" aaaa"),"."))
A68: Honduras | B68: HND | C68: 27 | D68: 1 | E68: 2002 | F68: Ricardo Rodolfo Maduro Joest | G68: President | H68: 9 | I68: 9 | J68: 9 | K68: 0 | L68: 9 | M68: =COUNTIF(H68:L68,"<>9") -> 1 | N68: =SUMIF(H68:L68,"<>9") -> 0 | O68: =IFERROR(ROUND(N68/M68,0),9) -> 0 | T68: =_xlfn.TEXTBEFORE(F68," ") -> Ricardo | U68: =_xlfn.TEXTAFTER(F68," ",LEN(F68)-LEN(SUBSTITUTE(F68," ",""))) -> Joest | V68: =IF(Q68="","",_xlfn.CONCAT(UPPER(U68),", ",T68,". Disponível em <",R68,">. Acesso em ",TEXT(P68,"dd ""de"" mmmm ""de"" aaaa"),"."))
A69: Honduras | B69: HND | C69: 27 | D69: 1 | E69: 2006 | F69: José Manuel Zelaya Rosales | G69: President | H69: 9 | I69: 9 | J69: 9 | K69: 0 | L69: 9 | M69: =COUNTIF(H69:L69,"<>9") -> 1 | N69: =SUMIF(H69:L69,"<>9") -> 0 | O69: =IFERROR(ROUND(N69/M69,0),9) -> 0 | T69: =_xlfn.TEXTBEFORE(F69," ") -> José | U69: =_xlfn.TEXTAFTER(F69," ",LEN(F69)-LEN(SUBSTITUTE(F69," ",""))) -> Rosales | V69: =IF(Q69="","",_xlfn.CONCAT(UPPER(U69),", ",T69,". Disponível em <",R69,">. Acesso em ",TEXT(P69,"dd ""de"" mmmm ""de"" aaaa"),"."))
A70: Honduras | B70: HND | C70: 27 | D70: 1 | E70: 2009 | F70: Roberto Micheletti Baín | G70: President | H70: 9 | I70: 9 | J70: 9 | K70: 0 | L70: 9 | M70: =COUNTIF(H70:L70,"<>9") -> 1 | N70: =SUMIF(H70:L70,"<>9") -> 0 | O70: =IFERROR(ROUND(N70/M70,0),9) -> 0 | T70: =_xlfn.TEXTBEFORE(F70," ") -> Roberto | U70: =_xlfn.TEXTAFTER(F70," ",LEN(F70)-LEN(SUBSTITUTE(F70," ",""))) -> Baín | V70: =IF(Q70="","",_xlfn.CONCAT(UPPER(U70),", ",T70,". Disponível em <",R70,">. Acesso em ",TEXT(P70,"dd ""de"" mmmm ""de"" aaaa"),"."))
A71: Honduras | B71: HND | C71: 27 | D71: 1 | E71: 2010 | F71: Porfirio Lobo Sosa | G71: President | H71: 9 | I71: 9 | J71: 9 | K71: 0 | L71: 9 | M71: =COUNTIF(H71:L71,"<>9") -> 1 | N71: =SUMIF(H71:L71,"<>9") -> 0 | O71: =IFERROR(ROUND(N71/M71,0),9) -> 0 | T71: =_xlfn.TEXTBEFORE(F71," ") -> Porfirio | U71: =_xlfn.TEXTAFTER(F71," ",LEN(F71)-LEN(SUBSTITUTE(F71," ",""))) -> Sosa | V71: =IF(Q71="","",_xlfn.CONCAT(UPPER(U71),", ",T71,". Disponível em <",R71,">. Acesso em ",TEXT(P71,"dd ""de"" mmmm ""de"" aaaa"),"."))
A72: Honduras | B72: HND | C72: 27 | D72: 1 | E72: 2014 | F72: Juan Orlando Hernández | G72: President | H72: 9 | I72: 9 | J72: 9 | K72: 0 | L72: 9 | M72: =COUNTIF(H72:L72,"<>9") -> 1 | N72: =SUMIF(H72:L72,"<>9") -> 0 | O72: =IFERROR(ROUND(N72/M72,0),9) -> 0 | P72: 45642 | Q72: ESPANHOL | R72: https://www.youtube.com/watch?v=RjQYExlBvsQ | S72: HND_JUAN_HERNANDEZ_1.txt | T72: =_xlfn.TEXTBEFORE(F72," ") -> Juan | U72: =_xlfn.TEXTAFTER(F72," ",LEN(F72)-LEN(SUBSTITUTE(F72," ",""))) -> Hernández | V72: =IF(Q72="","",_xlfn.CONCAT(UPPER(U72),", ",T72,". Disponível em <",R72,">. Acesso em ",TEXT(P72,"dd ""de"" mmmm ""de"" aaaa"),".")) -> HERNÁNDEZ, Juan. Disponível em <https://www.youtube.com/watch?v=RjQYExlBvsQ>. Acesso em 16 de dezembro de 2024.
A73: Honduras | B73: HND | C73: 27 | D73: 2 | E73: 2018 | F73: Juan Orlando Hernández | G73: President | H73: 9 | I73: 9 | J73: 9 | K73: 0 | L73: 9 | M73: =COUNTIF(H73:L73,"<>9") -> 1 | N73: =SUMIF(H73:L73,"<>9") -> 0 | O73: =IFERROR(ROUND(N73/M73,0),9) -> 0 | P73: 45642 | Q73: ESPANHOL | R73: https://www.youtube.com/watch?v=74W23vgXTkk | S73: HND_JUAN_HERNANDEZ_2.txt | T73: =_xlfn.TEXTBEFORE(F73," ") -> Juan | U73: =_xlfn.TEXTAFTER(F73," ",LEN(F73)-LEN(SUBSTITUTE(F73," ",""))) -> Hernández | V73: =IF(Q73="","",_xlfn.CONCAT(UPPER(U73),", ",T73,". Disponível em <",R73,">. Acesso em ",TEXT(P73,"dd ""de"" mmmm ""de"" aaaa"),".")) -> HERNÁNDEZ, Juan. Disponível em <https://www.youtube.com/watch?v=74W23vgXTkk>. Acesso em 16 de dezembro de 2024.
A74: Honduras | B74: HND | C74: 27 | D74: 1 | E74: 2022 | F74: Iris Xiomara Castro Sarmiento | G74: President | H74: 9 | I74: 9 | J74: 9 | K74: 9 | L74: 9 | M74: =COUNTIF(H74:L74,"<>9") -> 0 | N74: =SUMIF(H74:L74,"<>9") -> 0 | O74: =IFERROR(ROUND(N74/M74,0),9) -> 9 | P74: 45642 | Q74: ESPANHOL | R74: https://sedesol.gob.hn/discurso-de-toma-de-posesion-de-la-presidenta-xiomara-castro/ | S74: HND_XIOMARA_CASTRO_1.txt | T74: =_xlfn.TEXTBEFORE(F74," ") -> Iris | U74: =_xlfn.TEXTAFTER(F74," ",LEN(F74)-LEN(SUBSTITUTE(F74," ",""))) -> Sarmiento | V74: =IF(Q74="","",_xlfn.CONCAT(UPPER(U74),", ",T74,". Disponível em <",R74,">. Acesso em ",TEXT(P74,"dd ""de"" mmmm ""de"" aaaa"),".")) -> SARMIENTO, Iris. Disponível em <https://sedesol.gob.hn/discurso-de-toma-de-posesion-de-la-presidenta-xiomara-castro/>. Acesso em 16 de dezembro de 2024.
A75: Mexico | B75: MEX | C75: 3 | D75: 1 | E75: 2000 | F75: Vicente Fox Quesada | G75: President | H75: 0 | I75: 0 | J75: 9 | K75: 0 | L75: 0 | M75: =COUNTIF(H75:L75,"<>9") -> 4 | N75: =SUMIF(H75:L75,"<>9") -> 0 | O75: =IFERROR(ROUND(N75/M75,0),9) -> 0 | P75: 45642 | Q75: ESPANHOL | R75: https://www.memoriapoliticademexico.org/Textos/7CRumbo/2000DVF.html | S75: MEX_VINCENTE_QUESADA_1.txt | T75: =_xlfn.TEXTBEFORE(F75," ") -> Vicente | U75: =_xlfn.TEXTAFTER(F75," ",LEN(F75)-LEN(SUBSTITUTE(F75," ",""))) -> Quesada | V75: =IF(Q75="","",_xlfn.CONCAT(UPPER(U75),", ",T75,". Disponível em <",R75,">. Acesso em ",TEXT(P75,"dd ""de"" mmmm ""de"" aaaa"),".")) -> QUESADA, Vicente. Disponível em <https://www.memoriapoliticademexico.org/Textos/7CRumbo/2000DVF.html>. Acesso em 16 de dezembro de 2024.
A76: Mexico | B76: MEX | C76: 3 | D76: 1 | E76: 2006 | F76: Felipe de Jesús Calderón Hinojosa | G76: President | H76: 0 | I76: 0 | J76: 9 | K76: 0 | L76: 0 | M76: =COUNTIF(H76:L76,"<>9") -> 4 | N76: =SUMIF(H76:L76,"<>9") -> 0 | O76: =IFERROR(ROUND(N76/M76,0),9) -> 0 | P76: 45642 | Q76: ESPANHOL | R76: https://repositorioinstitucional.buap.mx/items/589303e1-176a-403f-b115-a5df41f857f8 | S76: MEX_FELIPE_HINOJOSA_1.txt | T76: =_xlfn.TEXTBEFORE(F76," ") -> Felipe | U76: =_xlfn.TEXTAFTER(F76," ",LEN(F76)-LEN(SUBSTITUTE(F76," ",""))) -> Hinojosa | V76: =IF(Q76="","",_xlfn.CONCAT(UPPER(U76),", ",T76,". Disponível em <",R76,">. Acesso em ",TEXT(P76,"dd ""de"" mmmm ""de"" aaaa"),".")) -> HINOJOSA, Felipe. Disponível em <https://repositorioinstitucional.buap.mx/items/589303e1-176a-403f-b115-a5df41f857f8>. Acesso em 16 de dezembro de 2024.
A77: Mexico | B77: MEX | C77: 3 | D77: 1 | E77: 2012 | F77: Enrique Peña Nieto | G77: President | H77: 0 | I77: 0 | J77: 9 | K77: 0 | L77: 0 | M77: =COUNTIF(H77:L77,"<>9") -> 4 | N77: =SUMIF(H77:L77,"<>9") -> 0 | O77: =IFERROR(ROUND(N77/M77,0),9) -> 0 | P77: 45642 | Q77: ESPANHOL | R77: https://www.excelsior.com.mx/2012/12/01/nacional/872692 | S77: MEX_ENRIQUE_NIETO_1.txt | T77: =_xlfn.TEXTBEFORE(F77," ") -> Enrique | U77: =_xlfn.TEXTAFTER(F77," ",LEN(F77)-LEN(SUBSTITUTE(F77," ",""))) -> Nieto | V77: =IF(Q77="","",_xlfn.CONCAT(UPPER(U77),", ",T77,". Disponível em <",R77,">. Acesso em ",TEXT(P77,"dd ""de"" mmmm ""de"" aaaa"),".")) -> NIETO, Enrique. Disponível em <https://www.excelsior.com.mx/2012/12/01/nacional/872692>. Acesso em 16 de dezembro de 2024.
A78: Mexico | B78: MEX | C78: 3 | D78: 1 | E78: 2018 | F78: Andrés Manuel López Obrador | G78: President | H78: 1 | I78: 1 | J78: 9 | K78: 1 | L78: 1 | M78: =COUNTIF(H78:L78,"<>9") -> 4 | N78: =SUMIF(H78:L78,"<>9") -> 4 | O78: =IFERROR(ROUND(N78/M78,0),9) -> 1 | P78: 45642 | Q78: ESPANHOL | R78: https://expansion.mx/nacional/2018/12/01/discurso-integro-de-lopez-obrador-como-presidente | S78: MEX_ANDRES_OBRADOR_1.txt | T78: =_xlfn.TEXTBEFORE(F78," ") -> Andrés | U78: =_xlfn.TEXTAFTER(F78," ",LEN(F78)-LEN(SUBSTITUTE(F78," ",""))) -> Obrador | V78: =IF(Q78="","",_xlfn.CONCAT(UPPER(U78),", ",T78,". Disponível em <",R78,">. Acesso em ",TEXT(P78,"dd ""de"" mmmm ""de"" aaaa"),".")) -> OBRADOR, Andrés. Disponível em <https://expansion.mx/nacional/2018/12/01/discurso-integro-de-lopez-obrador-como-presidente>. Acesso em 16 de dezembro de 2024.
A79: Nicaragua | B79: NIC | C79: 59 | D79: 1 | E79: 2002 | F79: Enrique José Bolaños Geyer | G79: President | H79: 9 | I79: 0 | J79: 0 | K79: 0 | L79: 0 | M79: =COUNTIF(H79:L79,"<>9") -> 4 | N79: =SUMIF(H79:L79,"<>9") -> 0 | O79: =IFERROR(ROUND(N79/M79,0),9) -> 0 | P79: 45654 | Q79: ESPANHOL | R79: https://sajurin.enriquebolanos.org/docs/Mensaje%20Inaugural%20de%20Toma%20de%20Posesion%20-%2010%20Ene%2002.pdf | S79: NIC_ENRIQUE_BOLANOS_1.txt | T79: =_xlfn.TEXTBEFORE(F79," ") -> Enrique | U79: =_xlfn.TEXTAFTER(F79," ",LEN(F79)-LEN(SUBSTITUTE(F79," ",""))) -> Geyer | V79: =IF(Q79="","",_xlfn.CONCAT(UPPER(U79),", ",T79,". Disponível em <",R79,">. Acesso em ",TEXT(P79,"dd ""de"" mmmm ""de"" aaaa"),".")) -> GEYER, Enrique. Disponível em <https://sajurin.enriquebolanos.org/docs/Mensaje%20Inaugural%20de%20Toma%20de%20Posesion%20-%2010%20Ene%2002.pdf>. Acesso em 28 de dezembro de 2024.
A80: Nicaragua | B80: NIC | C80: 59 | D80: 1 | E80: 2007 | F80: José Daniel Ortega Saavedra | G80: President | H80: 9 | I80: 1 | J80: 1 | K80: 1 | L80: 1 | M80: =COUNTIF(H80:L80,"<>9") -> 4 | N80: =SUMIF(H80:L80,"<>9") -> 4 | O80: =IFERROR(ROUND(N80/M80,0),9) -> 1 | T80: =_xlfn.TEXTBEFORE(F80," ") -> José | U80: =_xlfn.TEXTAFTER(F80," ",LEN(F80)-LEN(SUBSTITUTE(F80," ",""))) -> Saavedra | V80: =IF(Q80="","",_xlfn.CONCAT(UPPER(U80),", ",T80,". Disponível em <",R80,">. Acesso em ",TEXT(P80,"dd ""de"" mmmm ""de"" aaaa"),"."))
A81: Nicaragua | B81: NIC | C81: 59 | D81: 2 | E81: 2012 | F81: José Daniel Ortega Saavedra | G81: President | H81: 9 | I81: 1 | J81: 1 | K81: 1 | L81: 1 | M81: =COUNTIF(H81:L81,"<>9") -> 4 | N81: =SUMIF(H81:L81,"<>9") -> 4 | O81: =IFERROR(ROUND(N81/M81,0),9) -> 1 | T81: =_xlfn.TEXTBEFORE(F81," ") -> José | U81: =_xlfn.TEXTAFTER(F81," ",LEN(F81)-LEN(SUBSTITUTE(F81," ",""))) -> Saavedra | V81: =IF(Q81="","",_xlfn.CONCAT(UPPER(U81),", ",T81,". Disponível em <",R81,">. Acesso em ",TEXT(P81,"dd ""de"" mmmm ""de"" aaaa"),"."))
A82: Nicaragua | B82: NIC | C82: 59 | D82: 3 | E82: 2017 | F82: José Daniel Ortega Saavedra | G82: President | H82: 9 | I82: 1 | J82: 1 | K82: 0 | L82: 1 | M82: =COUNTIF(H82:L82,"<>9") -> 4 | N82: =SUMIF(H82:L82,"<>9") -> 3 | O82: =IFERROR(ROUND(N82/M82,0),9) -> 1 | T82: =_xlfn.TEXTBEFORE(F82," ") -> José | U82: =_xlfn.TEXTAFTER(F82," ",LEN(F82)-LEN(SUBSTITUTE(F82," ",""))) -> Saavedra | V82: =IF(Q82="","",_xlfn.CONCAT(UPPER(U82),", ",T82,". Disponível em <",R82,">. Acesso em ",TEXT(P82,"dd ""de"" mmmm ""de"" aaaa"),"."))
A83: Nicaragua | B83: NIC | C83: 59 | D83: 4 | E83: 2022 | F83: José Daniel Ortega Saavedra | G83: President | H83: 9 | I83: 9 | J83: 9 | K83: 9 | L83: 9 | M83: =COUNTIF(H83:L83,"<>9") -> 0 | N83: =SUMIF(H83:L83,"<>9") -> 0 | O83: =IFERROR(ROUND(N83/M83,0),9) -> 9 | P83: 45654 | Q83: ESPANHOL | R83: https://ipnicaragua.com/discurso-daniel-ortega-toma-posesion-2022/ | S83: NIC_DANIEL_ORTEGA_4.txt | T83: =_xlfn.TEXTBEFORE(F83," ") -> José | U83: =_xlfn.TEXTAFTER(F83," ",LEN(F83)-LEN(SUBSTITUTE(F83," ",""))) -> Saavedra | V83: =IF(Q83="","",_xlfn.CONCAT(UPPER(U83),", ",T83,". Disponível em <",R83,">. Acesso em ",TEXT(P83,"dd ""de"" mmmm ""de"" aaaa"),".")) -> SAAVEDRA, José. Disponível em <https://ipnicaragua.com/discurso-daniel-ortega-toma-posesion-2022/>. Acesso em 28 de dezembro de 2024.
A84: Panama | B84: PAN | C84: 92 | D84: 1 | E84: 2004 | F84: Martín Erasto Torrijos Espino | G84: President | H84: 9 | I84: 9 | J84: 9 | K84: 0 | L84: 9 | M84: =COUNTIF(H84:L84,"<>9") -> 1 | N84: =SUMIF(H84:L84,"<>9") -> 0 | O84: =IFERROR(ROUND(N84/M84,0),9) -> 0 | P84: 45654 | Q84: ESPANHOL | R84: https://www.voltairenet.org/article122027.html | S84: PAN_MARTIN_TORRIJOS_1.txt | T84: =_xlfn.TEXTBEFORE(F84," ") -> Martín | U84: =_xlfn.TEXTAFTER(F84," ",LEN(F84)-LEN(SUBSTITUTE(F84," ",""))) -> Espino | V84: =IF(Q84="","",_xlfn.CONCAT(UPPER(U84),", ",T84,". Disponível em <",R84,">. Acesso em ",TEXT(P84,"dd ""de"" mmmm ""de"" aaaa"),".")) -> ESPINO, Martín. Disponível em <https://www.voltairenet.org/article122027.html>. Acesso em 28 de dezembro de 2024.
A85: Panama | B85: PAN | C85: 92 | D85: 1 | E85: 2009 | F85: Ricardo Martinelli Berrocal | G85: President | H85: 9 | I85: 9 | J85: 9 | K85: 0 | L85: 9 | M85: =COUNTIF(H85:L85,"<>9") -> 1 | N85: =SUMIF(H85:L85,"<>9") -> 0 | O85: =IFERROR(ROUND(N85/M85,0),9) -> 0 | P85: 45654 | Q85: ESPANHOL | R85: http://william_h_ormsbee.tripod.com/pan_pres_martinelli_sp-inaug_sp.htm | S85: PAN_RICARDO_MARTINELLI_1.txt | T85: =_xlfn.TEXTBEFORE(F85," ") -> Ricardo | U85: =_xlfn.TEXTAFTER(F85," ",LEN(F85)-LEN(SUBSTITUTE(F85," ",""))) -> Berrocal | V85: =IF(Q85="","",_xlfn.CONCAT(UPPER(U85),", ",T85,". Disponível em <",R85,">. Acesso em ",TEXT(P85,"dd ""de"" mmmm ""de"" aaaa"),".")) -> BERROCAL, Ricardo. Disponível em <http://william_h_ormsbee.tripod.com/pan_pres_martinelli_sp-inaug_sp.htm>. Acesso em 28 de dezembro de 2024.
A86: Panama | B86: PAN | C86: 92 | D86: 1 | E86: 2014 | F86: Juan Carlos Varela | G86: President | H86: 9 | I86: 9 | J86: 9 | K86: 0 | L86: 9 | M86: =COUNTIF(H86:L86,"<>9") -> 1 | N86: =SUMIF(H86:L86,"<>9") -> 0 | O86: =IFERROR(ROUND(N86/M86,0),9) -> 0 | P86: 45654 | Q86: ESPANHOL | R86: http://tabulario.s3.amazonaws.com/Data/Presidencia%20de%20la%20Rep%C3%BAblica/Discurso%20de%20Toma%20de%20Posesi%C3%B3n%20de%20Juan%20Carlos%20Varela%20(2014).pdf | S86: PAN_JUAN_VARELA_1.txt | T86: =_xlfn.TEXTBEFORE(F86," ") -> Juan | U86: =_xlfn.TEXTAFTER(F86," ",LEN(F86)-LEN(SUBSTITUTE(F86," ",""))) -> Varela | V86: =IF(Q86="","",_xlfn.CONCAT(UPPER(U86),", ",T86,". Disponível em <",R86,">. Acesso em ",TEXT(P86,"dd ""de"" mmmm ""de"" aaaa"),".")) -> VARELA, Juan. Disponível em <http://tabulario.s3.amazonaws.com/Data/Presidencia%20de%20la%20Rep%C3%BAblica/Discurso%20de%20Toma%20de%20Posesi%C3%B3n%20de%20Juan%20Carlos%20Varela%20(2014).pdf>. Acesso em 28 de dezembro de 2024.
A87: Panama | B87: PAN | C87: 92 | D87: 1 | E87: 2019 | F87: Laurentino Cortizo Cohen | G87: President | H87: 9 | I87: 9 | J87: 9 | K87: 9 | L87: 9 | M87: =COUNTIF(H87:L87,"<>9") -> 0 | N87: =SUMIF(H87:L87,"<>9") -> 0 | O87: =IFERROR(ROUND(N87/M87,0),9) -> 9 | P87: 45654 | Q87: ESPANHOL | R87: https://noticiasdepanama.com/gobierno/discurso-completo-del-presidente-de-panama-laurentino-nito-cortizo/ | S87: PAN_LAURENTINO_COHEN_1.txt | T87: =_xlfn.TEXTBEFORE(F87," ") -> Laurentino | U87: =_xlfn.TEXTAFTER(F87," ",LEN(F87)-LEN(SUBSTITUTE(F87," ",""))) -> Cohen | V87: =IF(Q87="","",_xlfn.CONCAT(UPPER(U87),", ",T87,". Disponível em <",R87,">. Acesso em ",TEXT(P87,"dd ""de"" mmmm ""de"" aaaa"),".")) -> COHEN, Laurentino. Disponível em <https://noticiasdepanama.com/gobierno/discurso-completo-del-presidente-de-panama-laurentino-nito-cortizo/>. Acesso em 28 de dezembro de 2024.
A88: Paraguay | B88: PRY | C88: 189 | D88: 1 | E88: 2003 | F88: Óscar Nicanor Duarte Frutos | G88: President | H88: 1 | I88: 0 | J88: 9 | K88: 0 | L88: 9 | M88: =COUNTIF(H88:L88,"<>9") -> 3 | N88: =SUMIF(H88:L88,"<>9") -> 1 | O88: =IFERROR(ROUND(N88/M88,0),9) -> 0 | T88: =_xlfn.TEXTBEFORE(F88," ") -> Óscar | U88: =_xlfn.TEXTAFTER(F88," ",LEN(F88)-LEN(SUBSTITUTE(F88," ",""))) -> Frutos | V88: =IF(Q88="","",_xlfn.CONCAT(UPPER(U88),", ",T88,". Disponível em <",R88,">. Acesso em ",TEXT(P88,"dd ""de"" mmmm ""de"" aaaa"),"."))
A89: Paraguay | B89: PRY | C89: 189 | D89: 1 | E89: 2008 | F89: Fernando Armindo Lugo Méndez | G89: President | H89: 1 | I89: 1 | J89: 9 | K89: 0 | L89: 9 | M89: =COUNTIF(H89:L89,"<>9") -> 3 | N89: =SUMIF(H89:L89,"<>9") -> 2 | O89: =IFERROR(ROUND(N89/M89,0),9) -> 1 | P89: 45654 | Q89: ESPANHOL | R89: https://www.parlamentomercosur.org/innovaportal/file/542/1/discruso-fernando-lugo.pdf | S89: PRY_FERNANDO_LUGO_1.txt | T89: =_xlfn.TEXTBEFORE(F89," ") -> Fernando | U89: =_xlfn.TEXTAFTER(F89," ",LEN(F89)-LEN(SUBSTITUTE(F89," ",""))) -> Méndez | V89: =IF(Q89="","",_xlfn.CONCAT(UPPER(U89),", ",T89,". Disponível em <",R89,">. Acesso em ",TEXT(P89,"dd ""de"" mmmm ""de"" aaaa"),".")) -> MÉNDEZ, Fernando. Disponível em <https://www.parlamentomercosur.org/innovaportal/file/542/1/discruso-fernando-lugo.pdf>. Acesso em 28 de dezembro de 2024.
A90: Paraguay | B90: PRY | C90: 189 | D90: 1 | E90: 2013 | F90: Horacio Manuel Cartes Jara | G90: President | H90: 0 | I90: 0 | J90: 9 | K90: 0 | L90: 9 | M90: =COUNTIF(H90:L90,"<>9") -> 3 | N90: =SUMIF(H90:L90,"<>9") -> 0 | O90: =IFERROR(ROUND(N90/M90,0),9) -> 0 | T90: =_xlfn.TEXTBEFORE(F90," ") -> Horacio | U90: =_xlfn.TEXTAFTER(F90," ",LEN(F90)-LEN(SUBSTITUTE(F90," ",""))) -> Jara | V90: =IF(Q90="","",_xlfn.CONCAT(UPPER(U90),", ",T90,". Disponível em <",R90,">. Acesso em ",TEXT(P90,"dd ""de"" mmmm ""de"" aaaa"),"."))
A91: Paraguay | B91: PRY | C91: 189 | D91: 1 | E91: 2018 | F91: Mario Abdo Benítez | G91: President | H91: 0 | I91: 0 | J91: 9 | K91: 0 | L91: 9 | M91: =COUNTIF(H91:L91,"<>9") -> 3 | N91: =SUMIF(H91:L91,"<>9") -> 0 | O91: =IFERROR(ROUND(N91/M91,0),9) -> 0 | P91: 45654 | Q91: ESPANHOL | R91: https://www.lanacion.com.py/politica/2018/08/15/discurso-completo-de-mario-abdo-benitez-al-inaugurar-su-gobierno/ | S91: PRY_MARIO_BENITEZ_1.txt | T91: =_xlfn.TEXTBEFORE(F91," ") -> Mario | U91: =_xlfn.TEXTAFTER(F91," ",LEN(F91)-LEN(SUBSTITUTE(F91," ",""))) -> Benítez | V91: =IF(Q91="","",_xlfn.CONCAT(UPPER(U91),", ",T91,". Disponível em <",R91,">. Acesso em ",TEXT(P91,"dd ""de"" mmmm ""de"" aaaa"),".")) -> BENÍTEZ, Mario. Disponível em <https://www.lanacion.com.py/politica/2018/08/15/discurso-completo-de-mario-abdo-benitez-al-inaugurar-su-gobierno/>. Acesso em 28 de dezembro de 2024.
A92: Paraguay | B92: PRY | C92: 189 | D92: 1 | E92: 2023 | F92: Santiago Peña Palacios | G92: President | H92: 9 | I92: 9 | J92: 9 | K92: 9 | L92: 9 | M92: =COUNTIF(H92:L92,"<>9") -> 0 | N92: =SUMIF(H92:L92,"<>9") -> 0 | O92: =IFERROR(ROUND(N92/M92,0),9) -> 9 | P92: 45654 | Q92: ESPANHOL | R92: https://www.abc.com.py/politica/2023/08/15/santiago-pena-su-primer-discurso-completo-como-presidente-de-la-republica/ | S92: PRY_SANTIAGO_PENA_1.txt | T92: =_xlfn.TEXTBEFORE(F92," ") -> Santiago | U92: =_xlfn.TEXTAFTER(F92," ",LEN(F92)-LEN(SUBSTITUTE(F92," ",""))) -> Palacios | V92: =IF(Q92="","",_xlfn.CONCAT(UPPER(U92),", ",T92,". Disponível em <",R92,">. Acesso em ",TEXT(P92,"dd ""de"" mmmm ""de"" aaaa"),".")) -> PALACIOS, Santiago. Disponível em <https://www.abc.com.py/politica/2023/08/15/santiago-pena-su-primer-discurso-completo-como-presidente-de-la-republica/>. Acesso em 28 de dezembro de 2024.
A93: Peru | B93: PER | C93: 30 | D93: 1 | E93: 2000 | F93: Valentín Demetrio Paniagua Corazao | G93: President | H93: 0 | I93: 0 | J93: 0 | K93: 0 | L93: 9 | M93: =COUNTIF(H93:L93,"<>9") -> 4 | N93: =SUMIF(H93:L93,"<>9") -> 0 | O93: =IFERROR(ROUND(N93/M93,0),9) -> 0 | T93: =_xlfn.TEXTBEFORE(F93," ") -> Valentín | U93: =_xlfn.TEXTAFTER(F93," ",LEN(F93)-LEN(SUBSTITUTE(F93," ",""))) -> Corazao | V93: =IF(Q93="","",_xlfn.CONCAT(UPPER(U93),", ",T93,". Disponível em <",R93,">. Acesso em ",TEXT(P93,"dd ""de"" mmmm ""de"" aaaa"),"."))
A94: Peru | B94: PER | C94: 30 | D94: 1 | E94: 2001 | F94: Alejandro Celestino Toledo Manrique | G94: President | H94: 0 | I94: 0 | J94: 0 | K94: 0 | L94: 9 | M94: =COUNTIF(H94:L94,"<>9") -> 4 | N94: =SUMIF(H94:L94,"<>9") -> 0 | O94: =IFERROR(ROUND(N94/M94,0),9) -> 0 | T94: =_xlfn.TEXTBEFORE(F94," ") -> Alejandro | U94: =_xlfn.TEXTAFTER(F94," ",LEN(F94)-LEN(SUBSTITUTE(F94," ",""))) -> Manrique | V94: =IF(Q94="","",_xlfn.CONCAT(UPPER(U94),", ",T94,". Disponível em <",R94,">. Acesso em ",TEXT(P94,"dd ""de"" mmmm ""de"" aaaa"),"."))
A95: Peru | B95: PER | C95: 30 | D95: 1 | E95: 2006 | F95: Alan Gabriel Ludwig García Pérez | G95: President | H95: 0 | I95: 0 | J95: 1 | K95: 1 | L95: 9 | M95: =COUNTIF(H95:L95,"<>9") -> 4 | N95: =SUMIF(H95:L95,"<>9") -> 2 | O95: =IFERROR(ROUND(N95/M95,0),9) -> 1 | T95: =_xlfn.TEXTBEFORE(F95," ") -> Alan | U95: =_xlfn.TEXTAFTER(F95," ",LEN(F95)-LEN(SUBSTITUTE(F95," ",""))) -> Pérez | V95: =IF(Q95="","",_xlfn.CONCAT(UPPER(U95),", ",T95,". Disponível em <",R95,">. Acesso em ",TEXT(P95,"dd ""de"" mmmm ""de"" aaaa"),"."))
A96: Peru | B96: PER | C96: 30 | D96: 1 | E96: 2011 | F96: Ollanta Moisés Humala Tasso | G96: President | H96: 0 | I96: 0 | J96: 0 | K96: 0 | L96: 9 | M96: =COUNTIF(H96:L96,"<>9") -> 4 | N96: =SUMIF(H96:L96,"<>9") -> 0 | O96: =IFERROR(ROUND(N96/M96,0),9) -> 0 | P96: 45654 | Q96: ESPANHOL | R96: http://portal.andina.pe/edpespeciales/2011/Mensaje_Nacion.pdf | S96: PER_OLLANTA_HUMALA_1.txt | T96: =_xlfn.TEXTBEFORE(F96," ") -> Ollanta | U96: =_xlfn.TEXTAFTER(F96," ",LEN(F96)-LEN(SUBSTITUTE(F96," ",""))) -> Tasso | V96: =IF(Q96="","",_xlfn.CONCAT(UPPER(U96),", ",T96,". Disponível em <",R96,">. Acesso em ",TEXT(P96,"dd ""de"" mmmm ""de"" aaaa"),".")) -> TASSO, Ollanta. Disponível em <http://portal.andina.pe/edpespeciales/2011/Mensaje_Nacion.pdf>. Acesso em 28 de dezembro de 2024.
A97: Peru | B97: PER | C97: 30 | D97: 1 | E97: 2016 | F97: Pedro Pablo Kuczynski Goddard | G97: President | H97: 0 | I97: 0 | J97: 0 | K97: 0 | L97: 9 | M97: =COUNTIF(H97:L97,"<>9") -> 4 | N97: =SUMIF(H97:L97,"<>9") -> 0 | O97: =IFERROR(ROUND(N97/M97,0),9) -> 0 | P97: 45654 | Q97: ESPANHOL | R97: https://www.youtube.com/watch?v=UTc6FdqEeY0 | S97: PER_PEDRO_KUCZYNSKI_1.txt | T97: =_xlfn.TEXTBEFORE(F97," ") -> Pedro | U97: =_xlfn.TEXTAFTER(F97," ",LEN(F97)-LEN(SUBSTITUTE(F97," ",""))) -> Goddard | V97: =IF(Q97="","",_xlfn.CONCAT(UPPER(U97),", ",T97,". Disponível em <",R97,">. Acesso em ",TEXT(P97,"dd ""de"" mmmm ""de"" aaaa"),".")) -> GODDARD, Pedro. Disponível em <https://www.youtube.com/watch?v=UTc6FdqEeY0>. Acesso em 28 de dezembro de 2024.
A98: Peru | B98: PER | C98: 30 | D98: 1 | E98: 2018 | F98: Martín Alberto Vizcarra Cornejo | G98: President | H98: 0 | I98: 0 | J98: 0 | K98: 0 | L98: 9 | M98: =COUNTIF(H98:L98,"<>9") -> 4 | N98: =SUMIF(H98:L98,"<>9") -> 0 | O98: =IFERROR(ROUND(N98/M98,0),9) -> 0 | P98: 45654 | Q98: ESPANHOL | R98: https://www.gob.pe/institucion/presidencia/noticias/19344-mensaje-a-la-nacion-del-presidente-de-la-republica-martin-vizcarra-cornejo | S98: PER_MARTIN_VIZCARRA_1.txt | T98: =_xlfn.TEXTBEFORE(F98," ") -> Martín | U98: =_xlfn.TEXTAFTER(F98," ",LEN(F98)-LEN(SUBSTITUTE(F98," ",""))) -> Cornejo | V98: =IF(Q98="","",_xlfn.CONCAT(UPPER(U98),", ",T98,". Disponível em <",R98,">. Acesso em ",TEXT(P98,"dd ""de"" mmmm ""de"" aaaa"),".")) -> CORNEJO, Martín. Disponível em <https://www.gob.pe/institucion/presidencia/noticias/19344-mensaje-a-la-nacion-del-presidente-de-la-republica-martin-vizcarra-cornejo>. Acesso em 28 de dezembro de 2024.
A99: Peru | B99: PER | C99: 30 | D99: 1 | E99: 2020 | F99: Francisco Rafael Sagasti Hochhausler | G99: President | H99: 0 | I99: 9 | J99: 9 | K99: 0 | L99: 9 | M99: =COUNTIF(H99:L99,"<>9") -> 2 | N99: =SUMIF(H99:L99,"<>9") -> 0 | O99: =IFERROR(ROUND(N99/M99,0),9) -> 0 | P99: 45654 | Q99: ESPANHOL | R99: https://www.youtube.com/watch?v=Gn0-RNdTSLE | S99: PER_FRANCISCO_SAGASTI_1.txt | T99: =_xlfn.TEXTBEFORE(F99," ") -> Francisco | U99: =_xlfn.TEXTAFTER(F99," ",LEN(F99)-LEN(SUBSTITUTE(F99," ",""))) | V99: =IF(Q99="","",_xlfn.CONCAT(UPPER(U99),", ",T99,". Disponível em <",R99,">. Acesso em ",TEXT(P99,"dd ""de"" mmmm ""de"" aaaa"),".")) -> , Francisco. Disponível em <https://www.youtube.com/watch?v=Gn0-RNdTSLE>. Acesso em 28 de dezembro de 2024.
A100: Peru | B100: PER | C100: 30 | D100: 1 | E100: 2021 | F100: José Pedro Castillo Terrones | G100: President | H100: 9 | I100: 9 | J100: 9 | K100: 9 | L100: 9 | M100: =COUNTIF(H100:L100,"<>9") -> 0 | N100: =SUMIF(H100:L100,"<>9") -> 0 | O100: =IFERROR(ROUND(N100/M100,0),9) -> 9 | P100: 45654 | Q100: ESPANHOL | R100: https://cdn.www.gob.pe/uploads/document/file/2049663/Mensaje_a_la_nacion_presidente_Pedro_Castillo.pdf.pdf | S100: PER_PEDRO_CASTILLO_1.txt | T100: =_xlfn.TEXTBEFORE(F100," ") -> José | U100: =_xlfn.TEXTAFTER(F100," ",LEN(F100)-LEN(SUBSTITUTE(F100," ",""))) -> Terrones | V100: =IF(Q100="","",_xlfn.CONCAT(UPPER(U100),", ",T100,". Disponível em <",R100,">. Acesso em ",TEXT(P100,"dd ""de"" mmmm ""de"" aaaa"),".")) -> TERRONES, José. Disponível em <https://cdn.www.gob.pe/uploads/document/file/2049663/Mensaje_a_la_nacion_presidente_Pedro_Castillo.pdf.pdf>. Acesso em 28 de dezembro de 2024.
A101: Peru | B101: PER | C101: 30 | D101: 1 | E101: 2022 | F101: Dina Ercilia Boluarte Zegarra | G101: President | H101: 9 | I101: 9 | J101: 9 | K101: 9 | L101: 9 | M101: =COUNTIF(H101:L101,"<>9") -> 0 | N101: =SUMIF(H101:L101,"<>9") -> 0 | O101: =IFERROR(ROUND(N101/M101,0),9) -> 9 | P101: 45654 | Q101: ESPANHOL | R101: https://cdn.www.gob.pe/uploads/document/file/3920947/MENSAJE%20A%20LA%20NACI%C3%93N%20DE%20LA%20PRESIDENTA%20D%20ELA%20REP%C3%9ABLICA%20DINA%20BOLUARTE.pdf.pdf | S101: PER_DINA_BOLUARTE_1.txt | T101: =_xlfn.TEXTBEFORE(F101," ") -> Dina | U101: =_xlfn.TEXTAFTER(F101," ",LEN(F101)-LEN(SUBSTITUTE(F101," ",""))) -> Zegarra | V101: =IF(Q101="","",_xlfn.CONCAT(UPPER(U101),", ",T101,". Disponível em <",R101,">. Acesso em ",TEXT(P101,"dd ""de"" mmmm ""de"" aaaa"),".")) -> ZEGARRA, Dina. Disponível em <https://cdn.www.gob.pe/uploads/document/file/3920947/MENSAJE%20A%20LA%20NACI%C3%93N%20DE%20LA%20PRESIDENTA%20D%20ELA%20REP%C3%9ABLICA%20DINA%20BOLUARTE.pdf.pdf>. Acesso em 28 de dezembro de 2024.
A102: Uruguay | B102: URY | C102: 102 | D102: 1 | E102: 2000 | F102: Jorge Luis Batlle Ibáñez | G102: President | H102: 9 | I102: 9 | J102: 9 | K102: 0 | L102: 9 | M102: =COUNTIF(H102:L102,"<>9") -> 1 | N102: =SUMIF(H102:L102,"<>9") -> 0 | O102: =IFERROR(ROUND(N102/M102,0),9) -> 0 | P102: 45654 | Q102: ESPANHOL | R102: https://parlamento.gub.uy/documentosyleyes/discursos/presidentes-rou/2000/97998 | S102: URY_JORGE_BATLLE_1.txt | T102: =_xlfn.TEXTBEFORE(F102," ") -> Jorge | U102: =_xlfn.TEXTAFTER(F102," ",LEN(F102)-LEN(SUBSTITUTE(F102," ",""))) -> Ibáñez | V102: =IF(Q102="","",_xlfn.CONCAT(UPPER(U102),", ",T102,". Disponível em <",R102,">. Acesso em ",TEXT(P102,"dd ""de"" mmmm ""de"" aaaa"),".")) -> IBÁÑEZ, Jorge. Disponível em <https://parlamento.gub.uy/documentosyleyes/discursos/presidentes-rou/2000/97998>. Acesso em 28 de dezembro de 2024.
A103: Uruguay | B103: URY | C103: 102 | D103: 1 | E103: 2005 | F103: Tabaré Ramón Vázquez Rosas | G103: President | H103: 9 | I103: 9 | J103: 9 | K103: 0 | L103: 9 | M103: =COUNTIF(H103:L103,"<>9") -> 1 | N103: =SUMIF(H103:L103,"<>9") -> 0 | O103: =IFERROR(ROUND(N103/M103,0),9) -> 0 | P103: 45654 | Q103: ESPANHOL | R103: https://parlamento.gub.uy/documentosyleyes/discursos/presidentes-rou/2005/97997 | S103: URY_TABARE_VAZQUEZ_1.txt | T103: =_xlfn.TEXTBEFORE(F103," ") -> Tabaré | U103: =_xlfn.TEXTAFTER(F103," ",LEN(F103)-LEN(SUBSTITUTE(F103," ",""))) -> Rosas | V103: =IF(Q103="","",_xlfn.CONCAT(UPPER(U103),", ",T103,". Disponível em <",R103,">. Acesso em ",TEXT(P103,"dd ""de"" mmmm ""de"" aaaa"),".")) -> ROSAS, Tabaré. Disponível em <https://parlamento.gub.uy/documentosyleyes/discursos/presidentes-rou/2005/97997>. Acesso em 28 de dezembro de 2024.
A104: Uruguay | B104: URY | C104: 102 | D104: 1 | E104: 2010 | F104: José Alberto Mujica Cordano | G104: President | H104: 9 | I104: 9 | J104: 9 | K104: 0 | L104: 9 | M104: =COUNTIF(H104:L104,"<>9") -> 1 | N104: =SUMIF(H104:L104,"<>9") -> 0 | O104: =IFERROR(ROUND(N104/M104,0),9) -> 0 | P104: 45654 | Q104: ESPANHOL | R104: https://parlamento.gub.uy/documentosyleyes/discursos/presidentes-rou/2010/97996 | S104: URY_JOSE_MUJICA_1.txt | T104: =_xlfn.TEXTBEFORE(F104," ") -> José | U104: =_xlfn.TEXTAFTER(F104," ",LEN(F104)-LEN(SUBSTITUTE(F104," ",""))) -> Cordano | V104: =IF(Q104="","",_xlfn.CONCAT(UPPER(U104),", ",T104,". Disponível em <",R104,">. Acesso em ",TEXT(P104,"dd ""de"" mmmm ""de"" aaaa"),".")) -> CORDANO, José. Disponível em <https://parlamento.gub.uy/documentosyleyes/discursos/presidentes-rou/2010/97996>. Acesso em 28 de dezembro de 2024.
A105: Uruguay | B105: URY | C105: 102 | D105: 2 | E105: 2015 | F105: Tabaré Ramón Vázquez Rosas | G105: President | H105: 9 | I105: 9 | J105: 9 | K105: 0 | L105: 9 | M105: =COUNTIF(H105:L105,"<>9") -> 1 | N105: =SUMIF(H105:L105,"<>9") -> 0 | O105: =IFERROR(ROUND(N105/M105,0),9) -> 0 | P105: 45654 | Q105: ESPANHOL | R105: https://parlamento.gub.uy/documentosyleyes/discursos/presidentes-rou/2015/97995 | S105: URY_TABARE_VAZQUEZ_2.txt | T105: =_xlfn.TEXTBEFORE(F105," ") -> Tabaré | U105: =_xlfn.TEXTAFTER(F105," ",LEN(F105)-LEN(SUBSTITUTE(F105," ",""))) -> Rosas | V105: =IF(Q105="","",_xlfn.CONCAT(UPPER(U105),", ",T105,". Disponível em <",R105,">. Acesso em ",TEXT(P105,"dd ""de"" mmmm ""de"" aaaa"),".")) -> ROSAS, Tabaré. Disponível em <https://parlamento.gub.uy/documentosyleyes/discursos/presidentes-rou/2015/97995>. Acesso em 28 de dezembro de 2024.
A106: Uruguay | B106: URY | C106: 102 | D106: 1 | E106: 2020 | F106: Luis Alberto Aparicio Alejandro Lacalle Pou | G106: President | H106: 9 | I106: 9 | J106: 9 | K106: 0 | L106: 9 | M106: =COUNTIF(H106:L106,"<>9") -> 1 | N106: =SUMIF(H106:L106,"<>9") -> 0 | O106: =IFERROR(ROUND(N106/M106,0),9) -> 0 | P106: 45654 | Q106: ESPANHOL | R106: https://parlamento.gub.uy/documentosyleyes/discursos/presidentes-rou/2020/680648 | S106: URY_LACALLE_POU_1.txt | T106: =_xlfn.TEXTBEFORE(F106," ") -> Luis | U106: =_xlfn.TEXTAFTER(F106," ",LEN(F106)-LEN(SUBSTITUTE(F106," ",""))) -> Pou | V106: =IF(Q106="","",_xlfn.CONCAT(UPPER(U106),", ",T106,". Disponível em <",R106,">. Acesso em ",TEXT(P106,"dd ""de"" mmmm ""de"" aaaa"),".")) -> POU, Luis. Disponível em <https://parlamento.gub.uy/documentosyleyes/discursos/presidentes-rou/2020/680648>. Acesso em 28 de dezembro de 2024.
A107: Venezuela | B107: VEN | C107: 51 | D107: 1 | E107: 2001 | F107: Hugo Rafael Chávez Frías | G107: President | H107: 1 | I107: 1 | J107: 1 | K107: 1 | L107: 1 | M107: =COUNTIF(H107:L107,"<>9") -> 5 | N107: =SUMIF(H107:L107,"<>9") -> 5 | O107: =IFERROR(ROUND(N107/M107,0),9) -> 1 | T107: =_xlfn.TEXTBEFORE(F107," ") -> Hugo | U107: =_xlfn.TEXTAFTER(F107," ",LEN(F107)-LEN(SUBSTITUTE(F107," ",""))) -> Frías | V107: =IF(Q107="","",_xlfn.CONCAT(UPPER(U107),", ",T107,". Disponível em <",R107,">. Acesso em ",TEXT(P107,"dd ""de"" mmmm ""de"" aaaa"),"."))
A108: Venezuela | B108: VEN | C108: 51 | D108: 2 | E108: 2002 | F108: Hugo Rafael Chávez Frías | G108: President | H108: 1 | I108: 1 | J108: 1 | K108: 1 | L108: 1 | M108: =COUNTIF(H108:L108,"<>9") -> 5 | N108: =SUMIF(H108:L108,"<>9") -> 5 | O108: =IFERROR(ROUND(N108/M108,0),9) -> 1 | P108: 45654 | Q108: ESPANHOL | R108: https://www.youtube.com/watch?v=uykDB62fI7c | S108: VEN_HUGO_CHAVEZ_2.txt | T108: =_xlfn.TEXTBEFORE(F108," ") -> Hugo | U108: =_xlfn.TEXTAFTER(F108," ",LEN(F108)-LEN(SUBSTITUTE(F108," ",""))) -> Frías | V108: =IF(Q108="","",_xlfn.CONCAT(UPPER(U108),", ",T108,". Disponível em <",R108,">. Acesso em ",TEXT(P108,"dd ""de"" mmmm ""de"" aaaa"),".")) -> FRÍAS, Hugo. Disponível em <https://www.youtube.com/watch?v=uykDB62fI7c>. Acesso em 28 de dezembro de 2024.
A109: Venezuela | B109: VEN | C109: 51 | D109: 3 | E109: 2007 | F109: Hugo Rafael Chávez Frías | G109: President | H109: 1 | I109: 1 | J109: 1 | K109: 1 | L109: 1 | M109: =COUNTIF(H109:L109,"<>9") -> 5 | N109: =SUMIF(H109:L109,"<>9") -> 5 | O109: =IFERROR(ROUND(N109/M109,0),9) -> 1 | P109: 45724 | Q109: ESPANHOL | R109: https://www.youtube.com/watch?v=Zw5tAu18k_A | S109: VEN_HUGO_CHAVEZ_3.txt | T109: =_xlfn.TEXTBEFORE(F109," ") -> Hugo | U109: =_xlfn.TEXTAFTER(F109," ",LEN(F109)-LEN(SUBSTITUTE(F109," ",""))) -> Frías | V109: =IF(Q109="","",_xlfn.CONCAT(UPPER(U109),", ",T109,". Disponível em <",R109,">. Acesso em ",TEXT(P109,"dd ""de"" mmmm ""de"" aaaa"),".")) -> FRÍAS, Hugo. Disponível em <https://www.youtube.com/watch?v=Zw5tAu18k_A>. Acesso em 08 de março de 2025.
A110: Venezuela | B110: VEN | C110: 51 | D110: 1 | E110: 2013 | F110: Nicolás Maduro | G110: President | H110: 1 | I110: 1 | J110: 1 | K110: 1 | L110: 1 | M110: =COUNTIF(H110:L110,"<>9") -> 5 | N110: =SUMIF(H110:L110,"<>9") -> 5 | O110: =IFERROR(ROUND(N110/M110,0),9) -> 1 | P110: 45724 | Q110: ESPANHOL | R110: https://www.youtube.com/watch?v=uL6Z_TBH7bo | S110: VEN_NICOLAS_MADURO_1.txt | T110: =_xlfn.TEXTBEFORE(F110," ") -> Nicolás | U110: =_xlfn.TEXTAFTER(F110," ",LEN(F110)-LEN(SUBSTITUTE(F110," ",""))) -> Maduro | V110: =IF(Q110="","",_xlfn.CONCAT(UPPER(U110),", ",T110,". Disponível em <",R110,">. Acesso em ",TEXT(P110,"dd ""de"" mmmm ""de"" aaaa"),".")) -> MADURO, Nicolás. Disponível em <https://www.youtube.com/watch?v=uL6Z_TBH7bo>. Acesso em 08 de março de 2025.
A111: Venezuela | B111: VEN | C111: 51 | D111: 2 | E111: 2019 | F111: Nicolás Maduro | G111: President | H111: 1 | I111: 1 | J111: 1 | K111: 1 | L111: 9 | M111: =COUNTIF(H111:L111,"<>9") -> 4 | N111: =SUMIF(H111:L111,"<>9") -> 4 | O111: =IFERROR(ROUND(N111/M111,0),9) -> 1 | P111: 45724 | Q111: ESPANHOL | R111: https://www.youtube.com/watch?v=5l62HSe7MqQ | S111: VEN_NICOLAS_MADURO_2.txt | T111: =_xlfn.TEXTBEFORE(F111," ") -> Nicolás | U111: =_xlfn.TEXTAFTER(F111," ",LEN(F111)-LEN(SUBSTITUTE(F111," ",""))) -> Maduro | V111: =IF(Q111="","",_xlfn.CONCAT(UPPER(U111),", ",T111,". Disponível em <",R111,">. Acesso em ",TEXT(P111,"dd ""de"" mmmm ""de"" aaaa"),".")) -> MADURO, Nicolás. Disponível em <https://www.youtube.com/watch?v=5l62HSe7MqQ>. Acesso em 08 de março de 2025.

Sheet TABELA DISSERTAÇÃO
B2: País | C2: Ano Discurso | D2: Presidente | E2: Funke, Shularick & Trebesch (2022) | F2: Kyle & Meyer (2020) | G2: Magud & Spilimbergo (2021) | H2: Hawkins et al. (2022) | I2: Edwards (2019)
B3: Argentina | C3: 2003 | D3: Néstor Carlos Kirchner Ostoic | E3: 1 | F3: 1 | G3: 1 | H3: 0 | I3: 1
B4: Argentina | C4: 2007 | D4: Cristina Fernández de Kirchner | E4: 1 | F4: 1 | G4: 1 | H4: 0 | I4: 1
B5: Argentina | C5: 2011 | D5: Cristina Fernández de Kirchner | E5: 1 | F5: 1 | G5: 1 | H5: 0 | I5: 1
B6: Argentina | C6: 2015 | D6: Mauricio Macri | E6: 0 | F6: 0 | G6: 0 | H6: 0 | I6: 0
B7: Argentina | C7: 2019 | D7: Alberto Fernández | E7: 0 | F7: 0 | G7: 0 | H7: 0 | I7: 9
B8: Bolívia | C8: 2005 | D8: Enrique Eduardo Rodríguez Veltzé | E8: 0 | F8: 0 | G8: 0 | H8: 0 | I8: 0
B9: Bolívia | C9: 2006 | D9: Juan Evo Morales Ayma | E9: 1 | F9: 1 | G9: 1 | H9: 1 | I9: 1
B10: Bolívia | C10: 2010 | D10: Juan Evo Morales Ayma | E10: 1 | F10: 1 | G10: 1 | H10: 1 | I10: 1
B11: Bolívia | C11: 2015 | D11: Juan Evo Morales Ayma | E11: 1 | F11: 1 | G11: 1 | H11: 1 | I11: 1
B12: Bolívia | C12: 2019 | D12: Jeanine Áñez Chávez | E12: 0 | F12: 0 | G12: 0 | H12: 0 | I12: 9
B13: Bolívia | C13: 2020 | D13: Luis Alberto Arce Catacora | E13: 0 | F13: 9 | G13: 9 | H13: 0 | I13: 9
B14: Brasil | C14: 2003 | D14: Luiz Inácio Lula da Silva | E14: 0 | F14: 0 | G14: 9 | H14: 0 | I14: 0
... B81: Venezuela | C81: 2019 | D81: Nicolás Maduro | E81: 1 | F81: 1 | G81: 1 | H81: 1 | I81: 9

Sheet TABELA FLAG POPULISMO
B2: País | C2: Ano Discurso | D2: Presidente | E2: Funke, Shularick & Trebesch (2022) | F2: Kyle & Meyer (2020) | G2: Magud & Spilimbergo (2021) | H2: Hawkins et al. (2022) | I2: Edwards (2019) | J2: QTD_OBS_VALIDA | K2: PONTUACAO_VALIDA | L2: Flag Populismo
B3: Argentina | C3: 2003 | D3: Néstor Carlos Kirchner Ostoic | E3: 1 | F3: 1 | G3: 1 | H3: 0 | I3: 1 | J3: =COUNTIF('TABELA DISSERTAÇÃO'!E3:I3,"<>9") -> 5 | K3: =SUMIF('TABELA DISSERTAÇÃO'!E3:I3,"<>9") -> 4 | L3: =IFERROR(ROUND(K3/J3,0),9) -> 1
B4: Argentina | C4: 2007 | D4: Cristina Fernández de Kirchner | E4: 1 | F4: 1 | G4: 1 | H4: 0 | I4: 1 | J4: =COUNTIF('TABELA DISSERTAÇÃO'!E4:I4,"<>9") -> 5 | K4: =SUMIF('TABELA DISSERTAÇÃO'!E4:I4,"<>9") -> 4 | L4: =IFERROR(ROUND(K4/J4,0),9) -> 1
B5: Argentina | C5: 2011 | D5: Cristina Fernández de Kirchner | E5: 1 | F5: 1 | G5: 1 | H5: 0 | I5: 1 | J5: =COUNTIF('TABELA DISSERTAÇÃO'!E5:I5,"<>9") -> 5 | K5: =SUMIF('TABELA DISSERTAÇÃO'!E5:I5,"<>9") -> 4 | L5: =IFERROR(ROUND(K5/J5,0),9) -> 1
B6: Argentina | C6: 2015 | D6: Mauricio Macri | E6: 0 | F6: 0 | G6: 0 | H6: 0 | I6: 0 | J6: =COUNTIF('TABELA DISSERTAÇÃO'!E6:I6,"<>9") -> 5 | K6: =SUMIF('TABELA DISSERTAÇÃO'!E6:I6,"<>9") -> 0 | L6: =IFERROR(ROUND(K6/J6,0),9) -> 0
B7: Argentina | C7: 2019 | D7: Alberto Fernández | E7: 0 | F7: 0 | G7: 0 | H7: 0 | I7: 9 | J7: =COUNTIF('TABELA DISSERTAÇÃO'!E7:I7,"<>9") -> 4 | K7: =SUMIF('TABELA DISSERTAÇÃO'!E7:I7,"<>9") -> 0 | L7: =IFERROR(ROUND(K7/J7,0),9) -> 0
B8: Bolívia | C8: 2005 | D8: Enrique Eduardo Rodríguez Veltzé | E8: 0 | F8: 0 | G8: 0 | H8: 0 | I8: 0 | J8: =COUNTIF('TABELA DISSERTAÇÃO'!E8:I8,"<>9") -> 5 | K8: =SUMIF('TABELA DISSERTAÇÃO'!E8:I8,"<>9") -> 0 | L8: =IFERROR(ROUND(K8/J8,0),9) -> 0
B9: Bolívia | C9: 2006 | D9: Juan Evo Morales Ayma | E9: 1 | F9: 1 | G9: 1 | H9: 1 | I9: 1 | J9: =COUNTIF('TABELA DISSERTAÇÃO'!E9:I9,"<>9") -> 5 | K9: =SUMIF('TABELA DISSERTAÇÃO'!E9:I9,"<>9") -> 5 | L9: =IFERROR(ROUND(K9/J9,0),9) -> 1
B10: Bolívia | C10: 2010 | D10: Juan Evo Morales Ayma | E10: 1 | F10: 1 | G10: 1 | H10: 1 | I10: 1 | J10: =COUNTIF('TABELA DISSERTAÇÃO'!E10:I10,"<>9") -> 5 | K10: =SUMIF('TABELA DISSERTAÇÃO'!E10:I10,"<>9") -> 5 | L10: =IFERROR(ROUND(K10/J10,0),9) -> 1
B11: Bolívia | C11: 2015 | D11: Juan Evo Morales Ayma | E11: 1 | F11: 1 | G11: 1 | H11: 1 | I11: 1 | J11: =COUNTIF('TABELA DISSERTAÇÃO'!E11:I11,"<>9") -> 5 | K11: =SUMIF('TABELA DISSERTAÇÃO'!E11:I11,"<>9") -> 5 | L11: =IFERROR(ROUND(K11/J11,0),9) -> 1
B12: Bolívia | C12: 2019 | D12: Jeanine Áñez Chávez | E12: 0 | F12: 0 | G12: 0 | H12: 0 | I12: 9 | J12: =COUNTIF('TABELA DISSERTAÇÃO'!E12:I12,"<>9") -> 4 | K12: =SUMIF('TABELA DISSERTAÇÃO'!E12:I12,"<>9") -> 0 | L12: =IFERROR(ROUND(K12/J12,0),9) -> 0
B13: Bolívia | C13: 2020 | D13: Luis Alberto Arce Catacora | E13: 0 | F13: 9 | G13: 9 | H13: 0 | I13: 9 | J13: =COUNTIF('TABELA DISSERTAÇÃO'!E13:I13,"<>9") -> 2 | K13: =SUMIF('TABELA DISSERTAÇÃO'!E13:I13,"<>9") -> 0 | L13: =IFERROR(ROUND(K13/J13,0),9) -> 0
B14: Brasil | C14: 2003 | D14: Luiz Inácio Lula da Silva | E14: 0 | F14: 0 | G14: 9 | H14: 0 | I14: 0 | J14: =COUNTIF('TABELA DISSERTAÇÃO'!E14:I14,"<>9") -> 4 | K14: =SUMIF('TABELA DISSERTAÇÃO'!E14:I14,"<>9") -> 0 | L14: =IFERROR(ROUND(K14/J14,0),9) -> 0
... B81: Venezuela | C81: 2019 | D81: Nicolás Maduro | E81: 1 | F81: 1 | G81: 1 | H81: 1 | I81: 9 | J81: =COUNTIF('TABELA DISSERTAÇÃO'!E81:I81,"<>9") -> 4 | K81: =SUMIF('TABELA DISSERTAÇÃO'!E81:I81,"<>9") -> 4 | L81: =IFERROR(ROUND(K81/J81,0),9) -> 1
